countyID,County,state,year,period,eitc,first.treat,rel.time,turnout,jail,minwage,unemploy,tax,turnoutReg
1,Adams,0,2022,12,0,0,0,29.3,174,14.49,4.2,,53
2,Asotin,0,2022,12,0,0,0,50.2,174,14.49,4.2,,61.2
3,Benton,0,2022,12,0,0,0,48.5,174,14.49,4.2,,60.7
4,Chelan,0,2022,12,0,0,0,54.6,174,14.49,4.2,,67.8
5,Clallam,0,2022,12,0,0,0,62.6,174,14.49,4.2,,71.4
6,Clark,0,2022,12,0,0,0,51.5,174,14.49,4.2,,63.6
7,Columbia,0,2022,12,0,0,0,67,174,14.49,4.2,,77.5
8,Cowlitz,0,2022,12,0,0,0,51.7,174,14.49,4.2,,63.1
9,Douglas,0,2022,12,0,0,0,49,174,14.49,4.2,,62.5
10,Ferry,0,2022,12,0,0,0,58.1,174,14.49,4.2,,66.8
11,Franklin,0,2022,12,0,0,0,32.3,174,14.49,4.2,,52.3
12,Garfield,0,2022,12,0,0,0,72.9,174,14.49,4.2,,78.9
13,Grant,0,2022,12,0,0,0,36.9,174,14.49,4.2,,57.1
14,Grays Harbor,0,2022,12,0,0,0,48.6,174,14.49,4.2,,61.9
15,Island,0,2022,12,0,0,0,60.1,174,14.49,4.2,,71
16,Jefferson,0,2022,12,0,0,0,72.6,174,14.49,4.2,,77.8
17,King,0,2022,12,0,0,0,48.2,174,14.49,4.2,,64.8
18,Kitsap,0,2022,12,0,0,0,55.3,174,14.49,4.2,,66.6
19,Kittitas,0,2022,12,0,0,0,53.7,174,14.49,4.2,,70.6
20,Klickitat,0,2022,12,0,0,0,61.6,174,14.49,4.2,,73
21,Lewis,0,2022,12,0,0,0,55.3,174,14.49,4.2,,66.6
22,Lincoln,0,2022,12,0,0,0,71.1,174,14.49,4.2,,75.5
23,Mason,0,2022,12,0,0,0,55.2,174,14.49,4.2,,67.7
24,Okanogan,0,2022,12,0,0,0,49.7,174,14.49,4.2,,65.1
25,Pacific,0,2022,12,0,0,0,60.9,174,14.49,4.2,,71.8
26,Pend Oreille,0,2022,12,0,0,0,61.7,174,14.49,4.2,,64.2
27,Pierce,0,2022,12,0,0,0,46.3,174,14.49,4.2,,60.7
28,San Juan,0,2022,12,0,0,0,73.3,174,14.49,4.2,,78.5
29,Skagit,0,2022,12,0,0,0,55.3,174,14.49,4.2,,67.2
30,Skamania,0,2022,12,0,0,0,64.9,174,14.49,4.2,,69.7
31,Snohomish,0,2022,12,0,0,0,49.2,174,14.49,4.2,,63.4
32,Spokane,0,2022,12,0,0,0,51.6,174,14.49,4.2,,61.9
33,Stevens,0,2022,12,0,0,0,62,174,14.49,4.2,,67.1
34,Thurston,0,2022,12,0,0,0,53.7,174,14.49,4.2,,65
35,Wahkiakum,0,2022,12,0,0,0,69,174,14.49,4.2,,75
36,Walla Walla,0,2022,12,0,0,0,49.1,174,14.49,4.2,,66.1
37,Whatcom,0,2022,12,0,0,0,59.7,174,14.49,4.2,,71.3
38,Whitman,0,2022,12,0,0,0,39.2,174,14.49,4.2,,69.1
39,Yakima,0,2022,12,0,0,0,33.6,174,14.49,4.2,,49.9
1,Adams,0,2020,11,0,0,0,43.3,150,13.5,6.9,,76.1
2,Asotin,0,2020,11,0,0,0,67.9,150,13.5,6.9,,81.1
3,Benton,0,2020,11,0,0,0,67.9,150,13.5,6.9,,82.1
4,Chelan,0,2020,11,0,0,0,71,150,13.5,6.9,,86.2
5,Clallam,0,2020,11,0,0,0,76.8,150,13.5,6.9,,86
6,Clark,0,2020,11,0,0,0,71.7,150,13.5,6.9,,85.1
7,Columbia,0,2020,11,0,0,0,76.9,150,13.5,6.9,,88.8
8,Cowlitz,0,2020,11,0,0,0,70.8,150,13.5,6.9,,83.4
9,Douglas,0,2020,11,0,0,0,66.6,150,13.5,6.9,,83.7
10,Ferry,0,2020,11,0,0,0,75.7,150,13.5,6.9,,85.1
11,Franklin,0,2020,11,0,0,0,49.6,150,13.5,6.9,,78.3
12,Garfield,0,2020,11,0,0,0,83.7,150,13.5,6.9,,89
13,Grant,0,2020,11,0,0,0,53.5,150,13.5,6.9,,79.4
14,Grays Harbor,0,2020,11,0,0,0,63.9,150,13.5,6.9,,79.2
15,Island,0,2020,11,0,0,0,76.2,150,13.5,6.9,,85.9
16,Jefferson,0,2020,11,0,0,0,86.1,150,13.5,6.9,,90
17,King,0,2020,11,0,0,0,67.3,150,13.5,6.9,,85.3
18,Kitsap,0,2020,11,0,0,0,72.7,150,13.5,6.9,,83.8
19,Kittitas,0,2020,11,0,0,0,70.1,150,13.5,6.9,,88
20,Klickitat,0,2020,11,0,0,0,75.1,150,13.5,6.9,,85.6
21,Lewis,0,2020,11,0,0,0,71.5,150,13.5,6.9,,84.2
22,Lincoln,0,2020,11,0,0,0,82.5,150,13.5,6.9,,87.9
23,Mason,0,2020,11,0,0,0,70.4,150,13.5,6.9,,84.9
24,Okanogan,0,2020,11,0,0,0,65,150,13.5,6.9,,83.1
25,Pacific,0,2020,11,0,0,0,73.1,150,13.5,6.9,,85
26,Pend Oreille,0,2020,11,0,0,0,79.3,150,13.5,6.9,,83.5
27,Pierce,0,2020,11,0,0,0,65.9,150,13.5,6.9,,82.2
28,San Juan,0,2020,11,0,0,0,87,150,13.5,6.9,,90.7
29,Skagit,0,2020,11,0,0,0,72.8,150,13.5,6.9,,86.4
30,Skamania,0,2020,11,0,0,0,78.2,150,13.5,6.9,,82.1
31,Snohomish,0,2020,11,0,0,0,69,150,13.5,6.9,,85.1
32,Spokane,0,2020,11,0,0,0,70.6,150,13.5,6.9,,81.8
33,Stevens,0,2020,11,0,0,0,78.2,150,13.5,6.9,,84.3
34,Thurston,0,2020,11,0,0,0,73.1,150,13.5,6.9,,83.8
35,Wahkiakum,0,2020,11,0,0,0,82.5,150,13.5,6.9,,86.8
36,Walla Walla,0,2020,11,0,0,0,63.7,150,13.5,6.9,,84.7
37,Whatcom,0,2020,11,0,0,0,76.7,150,13.5,6.9,,87.9
38,Whitman,0,2020,11,0,0,0,52.6,150,13.5,6.9,,86.1
39,Yakima,0,2020,11,0,0,0,52.6,150,13.5,6.9,,76
1,Adams,0,2018,10,0,0,0,32.3,246,11.5,4.5,,63.6
2,Asotin,0,2018,10,0,0,0,52.7,246,11.5,4.5,,63.4
3,Benton,0,2018,10,0,0,0,51.8,246,11.5,4.5,,68.8
4,Chelan,0,2018,10,0,0,0,56.9,246,11.5,4.5,,75.6
5,Clallam,0,2018,10,0,0,0,63.6,246,11.5,4.5,,76.1
6,Clark,0,2018,10,0,0,0,53.5,246,11.5,4.5,,69.4
7,Columbia,0,2018,10,0,0,0,68.9,246,11.5,4.5,,82.7
8,Cowlitz,0,2018,10,0,0,0,54.2,246,11.5,4.5,,69.8
9,Douglas,0,2018,10,0,0,0,48.9,246,11.5,4.5,,69.1
10,Ferry,0,2018,10,0,0,0,61,246,11.5,4.5,,76.6
11,Franklin,0,2018,10,0,0,0,35.4,246,11.5,4.5,,63.5
12,Garfield,0,2018,10,0,0,0,76.4,246,11.5,4.5,,83.1
13,Grant,0,2018,10,0,0,0,39.2,246,11.5,4.5,,66
14,Grays Harbor,0,2018,10,0,0,0,48.7,246,11.5,4.5,,67.6
15,Island,0,2018,10,0,0,0,61.3,246,11.5,4.5,,75.9
16,Jefferson,0,2018,10,0,0,0,74.6,246,11.5,4.5,,83.1
17,King,0,2018,10,0,0,0,55.4,246,11.5,4.5,,74.6
18,Kitsap,0,2018,10,0,0,0,57.1,246,11.5,4.5,,72.2
19,Kittitas,0,2018,10,0,0,0,53.7,246,11.5,4.5,,75.9
20,Klickitat,0,2018,10,0,0,0,61.7,246,11.5,4.5,,76.1
21,Lewis,0,2018,10,0,0,0,55.2,246,11.5,4.5,,72.4
22,Lincoln,0,2018,10,0,0,0,66.8,246,11.5,4.5,,78.9
23,Mason,0,2018,10,0,0,0,53.7,246,11.5,4.5,,71.6
24,Okanogan,0,2018,10,0,0,0,51.9,246,11.5,4.5,,73.6
25,Pacific,0,2018,10,0,0,0,58.9,246,11.5,4.5,,75.3
26,Pend Oreille,0,2018,10,0,0,0,65.4,246,11.5,4.5,,77.1
27,Pierce,0,2018,10,0,0,0,48.3,246,11.5,4.5,,66.1
28,San Juan,0,2018,10,0,0,0,76.1,246,11.5,4.5,,83.8
29,Skagit,0,2018,10,0,0,0,56.4,246,11.5,4.5,,73.3
30,Skamania,0,2018,10,0,0,0,62,246,11.5,4.5,,72.3
31,Snohomish,0,2018,10,0,0,0,52.6,246,11.5,4.5,,70.3
32,Spokane,0,2018,10,0,0,0,56.9,246,11.5,4.5,,72.7
33,Stevens,0,2018,10,0,0,0,64.2,246,11.5,4.5,,74
34,Thurston,0,2018,10,0,0,0,56.2,246,11.5,4.5,,69.3
35,Wahkiakum,0,2018,10,0,0,0,70.3,246,11.5,4.5,,80.5
36,Walla Walla,0,2018,10,0,0,0,53.4,246,11.5,4.5,,74.6
37,Whatcom,0,2018,10,0,0,0,62.4,246,11.5,4.5,,76.8
38,Whitman,0,2018,10,0,0,0,43.7,246,11.5,4.5,,69.3
39,Yakima,0,2018,10,0,0,0,39.4,246,11.5,4.5,,61.6
1,Adams,0,2016,9,0,0,0,37.5,248,9.47,4.9,,72.5
2,Asotin,0,2016,9,0,0,0,58.4,248,9.47,4.9,,71.9
3,Benton,0,2016,9,0,0,0,60,248,9.47,4.9,,78.2
4,Chelan,0,2016,9,0,0,0,60.4,248,9.47,4.9,,80.3
5,Clallam,0,2016,9,0,0,0,66.6,248,9.47,4.9,,80.4
6,Clark,0,2016,9,0,0,0,60.4,248,9.47,4.9,,76.7
7,Columbia,0,2016,9,0,0,0,69.7,248,9.47,4.9,,83.7
8,Cowlitz,0,2016,9,0,0,0,59.1,248,9.47,4.9,,75.6
9,Douglas,0,2016,9,0,0,0,53.7,248,9.47,4.9,,77.5
10,Ferry,0,2016,9,0,0,0,63.5,248,9.47,4.9,,80.4
11,Franklin,0,2016,9,0,0,0,41.9,248,9.47,4.9,,73.4
12,Garfield,0,2016,9,0,0,0,72.5,248,9.47,4.9,,83.6
13,Grant,0,2016,9,0,0,0,45,248,9.47,4.9,,74.9
14,Grays Harbor,0,2016,9,0,0,0,50.9,248,9.47,4.9,,74.7
15,Island,0,2016,9,0,0,0,66.9,248,9.47,4.9,,81
16,Jefferson,0,2016,9,0,0,0,76.9,248,9.47,4.9,,86
17,King,0,2016,9,0,0,0,61.9,248,9.47,4.9,,80.6
18,Kitsap,0,2016,9,0,0,0,62.6,248,9.47,4.9,,78
19,Kittitas,0,2016,9,0,0,0,56.2,248,9.47,4.9,,81.2
20,Klickitat,0,2016,9,0,0,0,65.8,248,9.47,4.9,,80.6
21,Lewis,0,2016,9,0,0,0,58.7,248,9.47,4.9,,77.6
22,Lincoln,0,2016,9,0,0,0,71.4,248,9.47,4.9,,83.9
23,Mason,0,2016,9,0,0,0,57.8,248,9.47,4.9,,77.9
24,Okanogan,0,2016,9,0,0,0,55,248,9.47,4.9,,79.3
25,Pacific,0,2016,9,0,0,0,60.8,248,9.47,4.9,,79.2
26,Pend Oreille,0,2016,9,0,0,0,67.5,248,9.47,4.9,,79.9
27,Pierce,0,2016,9,0,0,0,55.5,248,9.47,4.9,,74.1
28,San Juan,0,2016,9,0,0,0,78.7,248,9.47,4.9,,88.3
29,Skagit,0,2016,9,0,0,0,62,248,9.47,4.9,,79.8
30,Skamania,0,2016,9,0,0,0,65.5,248,9.47,4.9,,79
31,Snohomish,0,2016,9,0,0,0,60,248,9.47,4.9,,78.2
32,Spokane,0,2016,9,0,0,0,61.3,248,9.47,4.9,,78
33,Stevens,0,2016,9,0,0,0,67.8,248,9.47,4.9,,78.7
34,Thurston,0,2016,9,0,0,0,63.2,248,9.47,4.9,,77.5
35,Wahkiakum,0,2016,9,0,0,0,70.9,248,9.47,4.9,,81.1
36,Walla Walla,0,2016,9,0,0,0,55.6,248,9.47,4.9,,80.2
37,Whatcom,0,2016,9,0,0,0,67.7,248,9.47,4.9,,82.5
38,Whitman,0,2016,9,0,0,0,46.1,248,9.47,4.9,,79.2
39,Yakima,0,2016,9,0,0,0,45.4,248,9.47,4.9,,70.8
1,Adams,0,2014,8,0,0,0,27.6,254,9.32,5.7,,56.5
2,Asotin,0,2014,8,0,0,0,45.9,254,9.32,5.7,,58.9
3,Benton,0,2014,8,0,0,0,39.8,254,9.32,5.7,,54.3
4,Chelan,0,2014,8,0,0,0,41.2,254,9.32,5.7,,58.5
5,Clallam,0,2014,8,0,0,0,48.3,254,9.32,5.7,,62.4
6,Clark,0,2014,8,0,0,0,37.9,254,9.32,5.7,,50.8
7,Columbia,0,2014,8,0,0,0,59.8,254,9.32,5.7,,73.5
8,Cowlitz,0,2014,8,0,0,0,40.3,254,9.32,5.7,,55.4
9,Douglas,0,2014,8,0,0,0,37.1,254,9.32,5.7,,57.3
10,Ferry,0,2014,8,0,0,0,51.1,254,9.32,5.7,,68.7
11,Franklin,0,2014,8,0,0,0,26.5,254,9.32,5.7,,50.9
12,Garfield,0,2014,8,0,0,0,68.9,254,9.32,5.7,,80.1
13,Grant,0,2014,8,0,0,0,32.5,254,9.32,5.7,,58
14,Grays Harbor,0,2014,8,0,0,0,35.9,254,9.32,5.7,,56.1
15,Island,0,2014,8,0,0,0,48.8,254,9.32,5.7,,63.6
16,Jefferson,0,2014,8,0,0,0,60.3,254,9.32,5.7,,71.5
17,King,0,2014,8,0,0,0,39.4,254,9.32,5.7,,53.7
18,Kitsap,0,2014,8,0,0,0,43.1,254,9.32,5.7,,56.8
19,Kittitas,0,2014,8,0,0,0,38.4,254,9.32,5.7,,60.7
20,Klickitat,0,2014,8,0,0,0,51,254,9.32,5.7,,65.3
21,Lewis,0,2014,8,0,0,0,41.7,254,9.32,5.7,,57.4
22,Lincoln,0,2014,8,0,0,0,55.6,254,9.32,5.7,,66.9
23,Mason,0,2014,8,0,0,0,41.8,254,9.32,5.7,,59.7
24,Okanogan,0,2014,8,0,0,0,39.4,254,9.32,5.7,,59.5
25,Pacific,0,2014,8,0,0,0,46.6,254,9.32,5.7,,63.4
26,Pend Oreille,0,2014,8,0,0,0,50.3,254,9.32,5.7,,64.4
27,Pierce,0,2014,8,0,0,0,34.9,254,9.32,5.7,,50.1
28,San Juan,0,2014,8,0,0,0,61.7,254,9.32,5.7,,71.9
29,Skagit,0,2014,8,0,0,0,43.9,254,9.32,5.7,,60.6
30,Skamania,0,2014,8,0,0,0,46.7,254,9.32,5.7,,60.6
31,Snohomish,0,2014,8,0,0,0,37.5,254,9.32,5.7,,51.6
32,Spokane,0,2014,8,0,0,0,41.9,254,9.32,5.7,,56.7
33,Stevens,0,2014,8,0,0,0,51.9,254,9.32,5.7,,62.5
34,Thurston,0,2014,8,0,0,0,41.1,254,9.32,5.7,,52.9
35,Wahkiakum,0,2014,8,0,0,0,55,254,9.32,5.7,,64.3
36,Walla Walla,0,2014,8,0,0,0,39.9,254,9.32,5.7,,60.1
37,Whatcom,0,2014,8,0,0,0,46,254,9.32,5.7,,60.5
38,Whitman,0,2014,8,0,0,0,30.1,254,9.32,5.7,,58.9
39,Yakima,0,2014,8,0,0,0,28.9,254,9.32,5.7,,47.8
1,Adams,0,2012,7,0,0,0,39.2,270,9.04,7.4,,75.6
2,Asotin,0,2012,7,0,0,0,59.2,270,9.04,7.4,,73.4
3,Benton,0,2012,7,0,0,0,61.5,270,9.04,7.4,,82.6
4,Chelan,0,2012,7,0,0,0,59.3,270,9.04,7.4,,81.3
5,Clallam,0,2012,7,0,0,0,65,270,9.04,7.4,,82
6,Clark,0,2012,7,0,0,0,60.3,270,9.04,7.4,,79.5
7,Columbia,0,2012,7,0,0,0,71,270,9.04,7.4,,86.8
8,Cowlitz,0,2012,7,0,0,0,57.9,270,9.04,7.4,,77.7
9,Douglas,0,2012,7,0,0,0,53.5,270,9.04,7.4,,79.7
10,Ferry,0,2012,7,0,0,0,58.9,270,9.04,7.4,,79
11,Franklin,0,2012,7,0,0,0,42.1,270,9.04,7.4,,77.6
12,Garfield,0,2012,7,0,0,0,71.4,270,9.04,7.4,,84
13,Grant,0,2012,7,0,0,0,44.4,270,9.04,7.4,,76.9
14,Grays Harbor,0,2012,7,0,0,0,50.8,270,9.04,7.4,,76.3
15,Island,0,2012,7,0,0,0,66.5,270,9.04,7.4,,84.3
16,Jefferson,0,2012,7,0,0,0,77.2,270,9.04,7.4,,88.3
17,King,0,2012,7,0,0,0,63.3,270,9.04,7.4,,82.9
18,Kitsap,0,2012,7,0,0,0,63.5,270,9.04,7.4,,81.7
19,Kittitas,0,2012,7,0,0,0,54.5,270,9.04,7.4,,83.7
20,Klickitat,0,2012,7,0,0,0,64.5,270,9.04,7.4,,79.9
21,Lewis,0,2012,7,0,0,0,58.7,270,9.04,7.4,,78.4
22,Lincoln,0,2012,7,0,0,0,72.5,270,9.04,7.4,,84.6
23,Mason,0,2012,7,0,0,0,58.3,270,9.04,7.4,,81.3
24,Okanogan,0,2012,7,0,0,0,54,270,9.04,7.4,,80.4
25,Pacific,0,2012,7,0,0,0,61.3,270,9.04,7.4,,80.1
26,Pend Oreille,0,2012,7,0,0,0,66,270,9.04,7.4,,82.6
27,Pierce,0,2012,7,0,0,0,56.8,270,9.04,7.4,,78.6
28,San Juan,0,2012,7,0,0,0,79.1,270,9.04,7.4,,89.4
29,Skagit,0,2012,7,0,0,0,61.9,270,9.04,7.4,,82.9
30,Skamania,0,2012,7,0,0,0,63.8,270,9.04,7.4,,80.4
31,Snohomish,0,2012,7,0,0,0,60.3,270,9.04,7.4,,79.9
32,Spokane,0,2012,7,0,0,0,61.6,270,9.04,7.4,,80.4
33,Stevens,0,2012,7,0,0,0,67,270,9.04,7.4,,78.8
34,Thurston,0,2012,7,0,0,0,64.4,270,9.04,7.4,,80.2
35,Wahkiakum,0,2012,7,0,0,0,70.7,270,9.04,7.4,,82.9
36,Walla Walla,0,2012,7,0,0,0,55.4,270,9.04,7.4,,80.3
37,Whatcom,0,2012,7,0,0,0,64.8,270,9.04,7.4,,83.3
38,Whitman,0,2012,7,0,0,0,45.3,270,9.04,7.4,,81.9
39,Yakima,0,2012,7,0,0,0,45.6,270,9.04,7.4,,73.6
1,Adams,0,2010,6,0,0,0,32,286,8.55,9.9,,65.2
2,Asotin,0,2010,6,0,0,0,51.1,286,8.55,9.9,,70.5
3,Benton,0,2010,6,0,0,0,50.1,286,8.55,9.9,,72.3
4,Chelan,0,2010,6,0,0,0,51.4,286,8.55,9.9,,74.1
5,Clallam,0,2010,6,0,0,0,58.2,286,8.55,9.9,,74.4
6,Clark,0,2010,6,0,0,0,47.6,286,8.55,9.9,,67.4
7,Columbia,0,2010,6,0,0,0,67.3,286,8.55,9.9,,85
8,Cowlitz,0,2010,6,0,0,0,47.9,286,8.55,9.9,,66.7
9,Douglas,0,2010,6,0,0,0,48,286,8.55,9.9,,73.8
10,Ferry,0,2010,6,0,0,0,54.3,286,8.55,9.9,,78
11,Franklin,0,2010,6,0,0,0,34.2,286,8.55,9.9,,68
12,Garfield,0,2010,6,0,0,0,66.7,286,8.55,9.9,,78.4
13,Grant,0,2010,6,0,0,0,39.4,286,8.55,9.9,,72.7
14,Grays Harbor,0,2010,6,0,0,0,45.5,286,8.55,9.9,,71.9
15,Island,0,2010,6,0,0,0,58.2,286,8.55,9.9,,77.2
16,Jefferson,0,2010,6,0,0,0,69.7,286,8.55,9.9,,81.5
17,King,0,2010,6,0,0,0,50.2,286,8.55,9.9,,70.8
18,Kitsap,0,2010,6,0,0,0,54.3,286,8.55,9.9,,73.4
19,Kittitas,0,2010,6,0,0,0,46.2,286,8.55,9.9,,76.5
20,Klickitat,0,2010,6,0,0,0,56.2,286,8.55,9.9,,71.8
21,Lewis,0,2010,6,0,0,0,54,286,8.55,9.9,,75.1
22,Lincoln,0,2010,6,0,0,0,67.6,286,8.55,9.9,,79.2
23,Mason,0,2010,6,0,0,0,52.4,286,8.55,9.9,,75.6
24,Okanogan,0,2010,6,0,0,0,47.8,286,8.55,9.9,,73.9
25,Pacific,0,2010,6,0,0,0,58.1,286,8.55,9.9,,76.6
26,Pend Oreille,0,2010,6,0,0,0,58.9,286,8.55,9.9,,76.2
27,Pierce,0,2010,6,0,0,0,45.6,286,8.55,9.9,,66.2
28,San Juan,0,2010,6,0,0,0,70.6,286,8.55,9.9,,80.5
29,Skagit,0,2010,6,0,0,0,54.9,286,8.55,9.9,,76.1
30,Skamania,0,2010,6,0,0,0,54.2,286,8.55,9.9,,71.1
31,Snohomish,0,2010,6,0,0,0,50,286,8.55,9.9,,71.5
32,Spokane,0,2010,6,0,0,0,51.5,286,8.55,9.9,,71.2
33,Stevens,0,2010,6,0,0,0,60.7,286,8.55,9.9,,74.6
34,Thurston,0,2010,6,0,0,0,55.3,286,8.55,9.9,,72
35,Wahkiakum,0,2010,6,0,0,0,64.3,286,8.55,9.9,,79
36,Walla Walla,0,2010,6,0,0,0,47.3,286,8.55,9.9,,72.4
37,Whatcom,0,2010,6,0,0,0,54.5,286,8.55,9.9,,74.3
38,Whitman,0,2010,6,0,0,0,35.9,286,8.55,9.9,,70.1
39,Yakima,0,2010,6,0,0,0,37.3,286,8.55,9.9,,63.3
1,Adams,0,2008,5,0,0,0,41.4,319,8.07,6,,80.1
2,Asotin,0,2008,5,0,0,0,58.4,319,8.07,6,,81.2
3,Benton,0,2008,5,0,0,0,60.9,319,8.07,6,,85.1
4,Chelan,0,2008,5,0,0,0,58.5,319,8.07,6,,81.1
5,Clallam,0,2008,5,0,0,0,67.3,319,8.07,6,,84.3
6,Clark,0,2008,5,0,0,0,57.6,319,8.07,6,,82
7,Columbia,0,2008,5,0,0,0,69.4,319,8.07,6,,87.3
8,Cowlitz,0,2008,5,0,0,0,59.3,319,8.07,6,,82
9,Douglas,0,2008,5,0,0,0,55.5,319,8.07,6,,79.1
10,Ferry,0,2008,5,0,0,0,58.3,319,8.07,6,,81.7
11,Franklin,0,2008,5,0,0,0,39.8,319,8.07,6,,80
12,Garfield,0,2008,5,0,0,0,69.1,319,8.07,6,,79.3
13,Grant,0,2008,5,0,0,0,45.3,319,8.07,6,,82
14,Grays Harbor,0,2008,5,0,0,0,49.8,319,8.07,6,,76.3
15,Island,0,2008,5,0,0,0,69.3,319,8.07,6,,89.7
16,Jefferson,0,2008,5,0,0,0,79.3,319,8.07,6,,89.4
17,King,0,2008,5,0,0,0,59.8,319,8.07,6,,80.2
18,Kitsap,0,2008,5,0,0,0,62.7,319,8.07,6,,83.1
19,Kittitas,0,2008,5,0,0,0,53.4,319,8.07,6,,85.1
20,Klickitat,0,2008,5,0,0,0,64.8,319,8.07,6,,83
21,Lewis,0,2008,5,0,0,0,59.4,319,8.07,6,,81.5
22,Lincoln,0,2008,5,0,0,0,72.7,319,8.07,6,,85.8
23,Mason,0,2008,5,0,0,0,58.5,319,8.07,6,,84.1
24,Okanogan,0,2008,5,0,0,0,54.2,319,8.07,6,,81
25,Pacific,0,2008,5,0,0,0,63.1,319,8.07,6,,81.5
26,Pend Oreille,0,2008,5,0,0,0,64.8,319,8.07,6,,83.1
27,Pierce,0,2008,5,0,0,0,53.7,319,8.07,6,,77.6
28,San Juan,0,2008,5,0,0,0,79.6,319,8.07,6,,89.7
29,Skagit,0,2008,5,0,0,0,62.6,319,8.07,6,,84.3
30,Skamania,0,2008,5,0,0,0,64.1,319,8.07,6,,81.7
31,Snohomish,0,2008,5,0,0,0,59,319,8.07,6,,83.2
32,Spokane,0,2008,5,0,0,0,61.5,319,8.07,6,,83.5
33,Stevens,0,2008,5,0,0,0,67.1,319,8.07,6,,81.1
34,Thurston,0,2008,5,0,0,0,66.4,319,8.07,6,,84
35,Wahkiakum,0,2008,5,0,0,0,71.6,319,8.07,6,,85.1
36,Walla Walla,0,2008,5,0,0,0,53.6,319,8.07,6,,76.7
37,Whatcom,0,2008,5,0,0,0,64.8,319,8.07,6,,87.3
38,Whitman,0,2008,5,0,0,0,45.3,319,8.07,6,,82.5
39,Yakima,0,2008,5,0,0,0,45.4,319,8.07,6,,77.1
1,Adams,0,2006,4,0,0,0,31.7,327,7.63,4.9,,62.1
2,Asotin,0,2006,4,0,0,0,46.2,327,7.63,4.9,,65.9
3,Benton,0,2006,4,0,0,0,43.5,327,7.63,4.9,,66.8
4,Chelan,0,2006,4,0,0,0,45.4,327,7.63,4.9,,66.3
5,Clallam,0,2006,4,0,0,0,58.6,327,7.63,4.9,,75
6,Clark,0,2006,4,0,0,0,39.5,327,7.63,4.9,,61.8
7,Columbia,0,2006,4,0,0,0,61.5,327,7.63,4.9,,80.9
8,Cowlitz,0,2006,4,0,0,0,42.3,327,7.63,4.9,,59.7
9,Douglas,0,2006,4,0,0,0,39.2,327,7.63,4.9,,57.7
10,Ferry,0,2006,4,0,0,0,49.5,327,7.63,4.9,,72.1
11,Franklin,0,2006,4,0,0,0,29.8,327,7.63,4.9,,65
12,Garfield,0,2006,4,0,0,0,68.6,327,7.63,4.9,,83.9
13,Grant,0,2006,4,0,0,0,33.2,327,7.63,4.9,,62.7
14,Grays Harbor,0,2006,4,0,0,0,38.5,327,7.63,4.9,,62
15,Island,0,2006,4,0,0,0,50.8,327,7.63,4.9,,69
16,Jefferson,0,2006,4,0,0,0,67.4,327,7.63,4.9,,78.2
17,King,0,2006,4,0,0,0,44,327,7.63,4.9,,64.9
18,Kitsap,0,2006,4,0,0,0,49,327,7.63,4.9,,68.4
19,Kittitas,0,2006,4,0,0,0,40.2,327,7.63,4.9,,68
20,Klickitat,0,2006,4,0,0,0,49.7,327,7.63,4.9,,68.1
21,Lewis,0,2006,4,0,0,0,46.3,327,7.63,4.9,,66
22,Lincoln,0,2006,4,0,0,0,61.2,327,7.63,4.9,,75.4
23,Mason,0,2006,4,0,0,0,47.2,327,7.63,4.9,,68.4
24,Okanogan,0,2006,4,0,0,0,43.2,327,7.63,4.9,,67.5
25,Pacific,0,2006,4,0,0,0,49.3,327,7.63,4.9,,67.3
26,Pend Oreille,0,2006,4,0,0,0,13.8,327,7.63,4.9,,18.1
27,Pierce,0,2006,4,0,0,0,37.6,327,7.63,4.9,,57.9
28,San Juan,0,2006,4,0,0,0,64.6,327,7.63,4.9,,77.7
29,Skagit,0,2006,4,0,0,0,49.1,327,7.63,4.9,,69.5
30,Skamania,0,2006,4,0,0,0,50.5,327,7.63,4.9,,66.4
31,Snohomish,0,2006,4,0,0,0,41.2,327,7.63,4.9,,62.7
32,Spokane,0,2006,4,0,0,0,44.6,327,7.63,4.9,,64.4
33,Stevens,0,2006,4,0,0,0,55.3,327,7.63,4.9,,70.2
34,Thurston,0,2006,4,0,0,0,47.5,327,7.63,4.9,,62.3
35,Wahkiakum,0,2006,4,0,0,0,58.8,327,7.63,4.9,,69.5
36,Walla Walla,0,2006,4,0,0,0,36.2,327,7.63,4.9,,58.6
37,Whatcom,0,2006,4,0,0,0,46.9,327,7.63,4.9,,68.3
38,Whitman,0,2006,4,0,0,0,36.2,327,7.63,4.9,,73.1
39,Yakima,0,2006,4,0,0,0,34.3,327,7.63,4.9,,61
1,Adams,0,2004,3,0,0,0,45.4,311,7.16,5.9,,80.3
2,Asotin,0,2004,3,0,0,0,56.8,311,7.16,5.9,,75.9
3,Benton,0,2004,3,0,0,0,60.7,311,7.16,5.9,,79.1
4,Chelan,0,2004,3,0,0,0,59.4,311,7.16,5.9,,79.2
5,Clallam,0,2004,3,0,0,0,70.4,311,7.16,5.9,,85.9
6,Clark,0,2004,3,0,0,0,61.7,311,7.16,5.9,,83
7,Columbia,0,2004,3,0,0,0,66.9,311,7.16,5.9,,84.4
8,Cowlitz,0,2004,3,0,0,0,59.5,311,7.16,5.9,,79.2
9,Douglas,0,2004,3,0,0,0,54.6,311,7.16,5.9,,78
10,Ferry,0,2004,3,0,0,0,60.4,311,7.16,5.9,,82.8
11,Franklin,0,2004,3,0,0,0,42.9,311,7.16,5.9,,77.8
12,Garfield,0,2004,3,0,0,0,75.2,311,7.16,5.9,,87.3
13,Grant,0,2004,3,0,0,0,48.4,311,7.16,5.9,,80.2
14,Grays Harbor,0,2004,3,0,0,0,53,311,7.16,5.9,,77.1
15,Island,0,2004,3,0,0,0,68.5,311,7.16,5.9,,89.4
16,Jefferson,0,2004,3,0,0,0,82.3,311,7.16,5.9,,88.7
17,King,0,2004,3,0,0,0,63.9,311,7.16,5.9,,83
18,Kitsap,0,2004,3,0,0,0,66,311,7.16,5.9,,86
19,Kittitas,0,2004,3,0,0,0,54.8,311,7.16,5.9,,82
20,Klickitat,0,2004,3,0,0,0,63.1,311,7.16,5.9,,76.5
21,Lewis,0,2004,3,0,0,0,61.9,311,7.16,5.9,,86.7
22,Lincoln,0,2004,3,0,0,0,75.6,311,7.16,5.9,,88.8
23,Mason,0,2004,3,0,0,0,62.4,311,7.16,5.9,,83.1
24,Okanogan,0,2004,3,0,0,0,55.9,311,7.16,5.9,,82.8
25,Pacific,0,2004,3,0,0,0,64.4,311,7.16,5.9,,80.5
26,Pend Oreille,0,2004,3,0,0,0,68.1,311,7.16,5.9,,83.7
27,Pierce,0,2004,3,0,0,0,57.7,311,7.16,5.9,,78.3
28,San Juan,0,2004,3,0,0,0,82.6,311,7.16,5.9,,90.2
29,Skagit,0,2004,3,0,0,0,64.7,311,7.16,5.9,,83.2
30,Skamania,0,2004,3,0,0,0,67.1,311,7.16,5.9,,82.4
31,Snohomish,0,2004,3,0,0,0,61.9,311,7.16,5.9,,84.4
32,Spokane,0,2004,3,0,0,0,62.6,311,7.16,5.9,,81.2
33,Stevens,0,2004,3,0,0,0,68.1,311,7.16,5.9,,72.5
34,Thurston,0,2004,3,0,0,0,67.5,311,7.16,5.9,,82.8
35,Wahkiakum,0,2004,3,0,0,0,75.4,311,7.16,5.9,,87
36,Walla Walla,0,2004,3,0,0,0,54.2,311,7.16,5.9,,79.5
37,Whatcom,0,2004,3,0,0,0,65.6,311,7.16,5.9,,86.3
38,Whitman,0,2004,3,0,0,0,52.1,311,7.16,5.9,,66.4
39,Yakima,0,2004,3,0,0,0,46.5,311,7.16,5.9,,75.9
1,Adams,0,2002,2,0,0,0,32.9,312,6.9,7.1,,60
2,Asotin,0,2002,2,0,0,0,40.2,312,6.9,7.1,,52.5
3,Benton,0,2002,2,0,0,0,39.3,312,6.9,7.1,,53.7
4,Chelan,0,2002,2,0,0,0,41.6,312,6.9,7.1,,62.3
5,Clallam,0,2002,2,0,0,0,54.3,312,6.9,7.1,,71
6,Clark,0,2002,2,0,0,0,35.8,312,6.9,7.1,,53.8
7,Columbia,0,2002,2,0,0,0,58.6,312,6.9,7.1,,74.8
8,Cowlitz,0,2002,2,0,0,0,39.4,312,6.9,7.1,,55.3
9,Douglas,0,2002,2,0,0,0,39.6,312,6.9,7.1,,56.4
10,Ferry,0,2002,2,0,0,0,50.3,312,6.9,7.1,,71.3
11,Franklin,0,2002,2,0,0,0,29.8,312,6.9,7.1,,56.5
12,Garfield,0,2002,2,0,0,0,57,312,6.9,7.1,,67.2
13,Grant,0,2002,2,0,0,0,35,312,6.9,7.1,,57.3
14,Grays Harbor,0,2002,2,0,0,0,36.2,312,6.9,7.1,,59.4
15,Island,0,2002,2,0,0,0,47.2,312,6.9,7.1,,65.2
16,Jefferson,0,2002,2,0,0,0,62.3,312,6.9,7.1,,74.1
17,King,0,2002,2,0,0,0,39.7,312,6.9,7.1,,53.2
18,Kitsap,0,2002,2,0,0,0,45,312,6.9,7.1,,63
19,Kittitas,0,2002,2,0,0,0,36.9,312,6.9,7.1,,61.2
20,Klickitat,0,2002,2,0,0,0,45.4,312,6.9,7.1,,59
21,Lewis,0,2002,2,0,0,0,46,312,6.9,7.1,,57.6
22,Lincoln,0,2002,2,0,0,0,56.9,312,6.9,7.1,,70.5
23,Mason,0,2002,2,0,0,0,43.9,312,6.9,7.1,,63.4
24,Okanogan,0,2002,2,0,0,0,41,312,6.9,7.1,,62.5
25,Pacific,0,2002,2,0,0,0,47.1,312,6.9,7.1,,62.9
26,Pend Oreille,0,2002,2,0,0,0,53.3,312,6.9,7.1,,67.9
27,Pierce,0,2002,2,0,0,0,36.5,312,6.9,7.1,,55.4
28,San Juan,0,2002,2,0,0,0,59.1,312,6.9,7.1,,72.7
29,Skagit,0,2002,2,0,0,0,42.9,312,6.9,7.1,,56.9
30,Skamania,0,2002,2,0,0,0,47.4,312,6.9,7.1,,63
31,Snohomish,0,2002,2,0,0,0,39.3,312,6.9,7.1,,56.9
32,Spokane,0,2002,2,0,0,0,41.4,312,6.9,7.1,,58.7
33,Stevens,0,2002,2,0,0,0,49.9,312,6.9,7.1,,55.1
34,Thurston,0,2002,2,0,0,0,45.9,312,6.9,7.1,,56.5
35,Wahkiakum,0,2002,2,0,0,0,63.9,312,6.9,7.1,,76.2
36,Walla Walla,0,2002,2,0,0,0,36.8,312,6.9,7.1,,59.2
37,Whatcom,0,2002,2,0,0,0,41.2,312,6.9,7.1,,60.1
38,Whitman,0,2002,2,0,0,0,32.5,312,6.9,7.1,,51
39,Yakima,0,2002,2,0,0,0,31.5,312,6.9,7.1,,54.2
1,Adams,0,2000,1,0,0,0,46.7,307,6.5,5.2,,76.7
2,Asotin,0,2000,1,0,0,0,53.3,307,6.5,5.2,,61.7
3,Benton,0,2000,1,0,0,0,60.5,307,6.5,5.2,,76.2
4,Chelan,0,2000,1,0,0,0,55.9,307,6.5,5.2,,82.2
5,Clallam,0,2000,1,0,0,0,65.9,307,6.5,5.2,,81.9
6,Clark,0,2000,1,0,0,0,55.8,307,6.5,5.2,,74.9
7,Columbia,0,2000,1,0,0,0,69,307,6.5,5.2,,82.2
8,Cowlitz,0,2000,1,0,0,0,54.9,307,6.5,5.2,,73.6
9,Douglas,0,2000,1,0,0,0,53.1,307,6.5,5.2,,68.8
10,Ferry,0,2000,1,0,0,0,58.1,307,6.5,5.2,,76.8
11,Franklin,0,2000,1,0,0,0,44.3,307,6.5,5.2,,80.3
12,Garfield,0,2000,1,0,0,0,76.1,307,6.5,5.2,,79.5
13,Grant,0,2000,1,0,0,0,47.4,307,6.5,5.2,,77.9
14,Grays Harbor,0,2000,1,0,0,0,53.2,307,6.5,5.2,,75
15,Island,0,2000,1,0,0,0,62.9,307,6.5,5.2,,84.2
16,Jefferson,0,2000,1,0,0,0,75.7,307,6.5,5.2,,84.6
17,King,0,2000,1,0,0,0,59.4,307,6.5,5.2,,74.5
18,Kitsap,0,2000,1,0,0,0,61.3,307,6.5,5.2,,79
19,Kittitas,0,2000,1,0,0,0,53.7,307,6.5,5.2,,76.9
20,Klickitat,0,2000,1,0,0,0,59.1,307,6.5,5.2,,70.2
21,Lewis,0,2000,1,0,0,0,60.7,307,6.5,5.2,,72.3
22,Lincoln,0,2000,1,0,0,0,70.4,307,6.5,5.2,,81.1
23,Mason,0,2000,1,0,0,0,60.7,307,6.5,5.2,,79.7
24,Okanogan,0,2000,1,0,0,0,52.6,307,6.5,5.2,,77.3
25,Pacific,0,2000,1,0,0,0,58.9,307,6.5,5.2,,76.4
26,Pend Oreille,0,2000,1,0,0,0,63.4,307,6.5,5.2,,77.3
27,Pierce,0,2000,1,0,0,0,53.1,307,6.5,5.2,,75.2
28,San Juan,0,2000,1,0,0,0,74.5,307,6.5,5.2,,87.1
29,Skagit,0,2000,1,0,0,0,60.4,307,6.5,5.2,,76.7
30,Skamania,0,2000,1,0,0,0,59.7,307,6.5,5.2,,72.2
31,Snohomish,0,2000,1,0,0,0,57.6,307,6.5,5.2,,74.9
32,Spokane,0,2000,1,0,0,0,56.4,307,6.5,5.2,,76
33,Stevens,0,2000,1,0,0,0,64.3,307,6.5,5.2,,68.6
34,Thurston,0,2000,1,0,0,0,63.7,307,6.5,5.2,,77.9
35,Wahkiakum,0,2000,1,0,0,0,68.8,307,6.5,5.2,,78.8
36,Walla Walla,0,2000,1,0,0,0,52,307,6.5,5.2,,72.4
37,Whatcom,0,2000,1,0,0,0,59,307,6.5,5.2,,75.9
38,Whitman,0,2000,1,0,0,0,49.2,307,6.5,5.2,,62.4
39,Yakima,0,2000,1,0,0,0,46.5,307,6.5,5.2,,75.9
40,Alameda,1,2022,12,1,9,3,43.49,238,14,4.3,,53.28
41,Alpine,1,2022,12,1,9,3,61.38,238,14,4.3,,68.09
42,Amador,1,2022,12,1,9,3,63.93,238,14,4.3,,72.89
43,Butte,1,2022,12,1,9,3,44.44,238,14,4.3,,59.07
44,Calaveras,1,2022,12,1,9,3,58.98,238,14,4.3,,67.03
45,Colusa,1,2022,12,1,9,3,42.51,238,14,4.3,,55.37
46,Contra Costa,1,2022,12,1,9,3,49.03,238,14,4.3,,56.15
47,Del Norte,1,2022,12,1,9,3,43.97,238,14,4.3,,56.55
48,El Dorado,1,2022,12,1,9,3,61.92,238,14,4.3,,64.84
49,Fresno,1,2022,12,1,9,3,34.47,238,14,4.3,,44.28
50,Glenn,1,2022,12,1,9,3,42.33,238,14,4.3,,55.67
51,Humboldt,1,2022,12,1,9,3,45.55,238,14,4.3,,57.51
52,Imperial,1,2022,12,1,9,3,27.69,238,14,4.3,,34.95
53,Inyo,1,2022,12,1,9,3,51.83,238,14,4.3,,70.62
54,Kern,1,2022,12,1,9,3,33.98,238,14,4.3,,43.75
55,Kings,1,2022,12,1,9,3,31.25,238,14,4.3,,44.08
56,Lake,1,2022,12,1,9,3,39.75,238,14,4.3,,54.8
57,Lassen,1,2022,12,1,9,3,43.58,238,14,4.3,,62.82
58,Los Angeles,1,2022,12,1,9,3,36.9,238,14,4.3,,43.86
59,Madera,1,2022,12,1,9,3,39.82,238,14,4.3,,51.25
60,Marin,1,2022,12,1,9,3,65.29,238,14,4.3,,71.18
61,Mariposa,1,2022,12,1,9,3,57.4,238,14,4.3,,68.59
62,Mendocino,1,2022,12,1,9,3,46.2,238,14,4.3,,58.39
63,Merced,1,2022,12,1,9,3,32.43,238,14,4.3,,44.8
64,Modoc,1,2022,12,1,9,3,51.05,238,14,4.3,,66.21
65,Mono,1,2022,12,1,9,3,49.29,238,14,4.3,,60.09
66,Monterey,1,2022,12,1,9,3,41.06,238,14,4.3,,49.34
67,Napa,1,2022,12,1,9,3,52.19,238,14,4.3,,60.84
68,Nevada,1,2022,12,1,9,3,62.73,238,14,4.3,,68.96
69,Orange,1,2022,12,1,9,3,45.13,238,14,4.3,,54.7
70,Placer,1,2022,12,1,9,3,61.2,238,14,4.3,,66.13
71,Plumas,1,2022,12,1,9,3,57.21,238,14,4.3,,62.98
72,Riverside,1,2022,12,1,9,3,36.93,238,14,4.3,,46.14
73,Sacramento,1,2022,12,1,9,3,43.53,238,14,4.3,,55.98
74,San Benito,1,2022,12,1,9,3,45.56,238,14,4.3,,52.57
75,San Bernardino,1,2022,12,1,9,3,31.16,238,14,4.3,,40.3
76,San Diego,1,2022,12,1,9,3,44.41,238,14,4.3,,54.22
77,San Francisco,1,2022,12,1,9,3,46.97,238,14,4.3,,62.24
78,San Joaquin,1,2022,12,1,9,3,35.21,238,14,4.3,,46.14
79,San Luis Obispo,1,2022,12,1,9,3,54.8,238,14,4.3,,66.45
80,San Mateo,1,2022,12,1,9,3,48.91,238,14,4.3,,58.29
81,Santa Barbara,1,2022,12,1,9,3,45.1,238,14,4.3,,57.64
82,Santa Clara,1,2022,12,1,9,3,43.7,238,14,4.3,,54.55
83,Santa Cruz,1,2022,12,1,9,3,53.65,238,14,4.3,,63.33
84,Shasta,1,2022,12,1,9,3,49.88,238,14,4.3,,61.8
85,Sierra,1,2022,12,1,9,3,59.3,238,14,4.3,,71.43
86,Siskiyou,1,2022,12,1,9,3,51.18,238,14,4.3,,62.34
87,Solano,1,2022,12,1,9,3,41.52,238,14,4.3,,50.79
88,Sonoma,1,2022,12,1,9,3,56.13,238,14,4.3,,65.9
89,Stanislaus,1,2022,12,1,9,3,36.34,238,14,4.3,,46.79
90,Sutter,1,2022,12,1,9,3,43.43,238,14,4.3,,53.92
91,Tehama,1,2022,12,1,9,3,44.33,238,14,4.3,,56.07
92,Trinity,1,2022,12,1,9,3,34.99,238,14,4.3,,63.05
93,Tulare,1,2022,12,1,9,3,32.1,238,14,4.3,,44.24
94,Tuolumne,1,2022,12,1,9,3,53.76,238,14,4.3,,66.42
95,Ventura,1,2022,12,1,9,3,48.56,238,14,4.3,,56.23
96,Yolo,1,2022,12,1,9,3,44.35,238,14,4.3,,57.91
97,Yuba,1,2022,12,1,9,3,35.22,238,14,4.3,,48.25
40,Alameda,1,2020,11,1,9,2,71.9,235,12,9,,81.22
41,Alpine,1,2020,11,1,9,2,81.06,235,12,9,,86.19
42,Amador,1,2020,11,1,9,2,83.13,235,12,9,,88.34
43,Butte,1,2020,11,1,9,2,68.52,235,12,9,,83.05
44,Calaveras,1,2020,11,1,9,2,76.56,235,12,9,,87.76
45,Colusa,1,2020,11,1,9,2,64.98,235,12,9,,82.08
46,Contra Costa,1,2020,11,1,9,2,77.92,235,12,9,,84.09
47,Del Norte,1,2020,11,1,9,2,63.29,235,12,9,,73.09
48,El Dorado,1,2020,11,1,9,2,81.21,235,12,9,,87.15
49,Fresno,1,2020,11,1,9,2,61.14,235,12,9,,74.54
50,Glenn,1,2020,11,1,9,2,59.53,235,12,9,,80.22
51,Humboldt,1,2020,11,1,9,2,67.75,235,12,9,,82.1
52,Imperial,1,2020,11,1,9,2,57.49,235,12,9,,67.75
53,Inyo,1,2020,11,1,9,2,70.21,235,12,9,,87.36
54,Kern,1,2020,11,1,9,2,57.89,235,12,9,,72.6
55,Kings,1,2020,11,1,9,2,53.76,235,12,9,,73.95
56,Lake,1,2020,11,1,9,2,60.37,235,12,9,,78.32
57,Lassen,1,2020,11,1,9,2,72.03,235,12,9,,79.48
58,Los Angeles,1,2020,11,1,9,2,70.78,235,12,9,,74.63
59,Madera,1,2020,11,1,9,2,60.31,235,12,9,,80.1
60,Marin,1,2020,11,1,9,2,87.79,235,12,9,,90.25
61,Mariposa,1,2020,11,1,9,2,69.6,235,12,9,,87.35
62,Mendocino,1,2020,11,1,9,2,70.03,235,12,9,,82.19
63,Merced,1,2020,11,1,9,2,57.08,235,12,9,,78.88
64,Modoc,1,2020,11,1,9,2,60.37,235,12,9,,82.48
65,Mono,1,2020,11,1,9,2,73.96,235,12,9,,87.19
66,Monterey,1,2020,11,1,9,2,67.89,235,12,9,,80.21
67,Napa,1,2020,11,1,9,2,80.76,235,12,9,,86.36
68,Nevada,1,2020,11,1,9,2,84.76,235,12,9,,88.56
69,Orange,1,2020,11,1,9,2,77.3,235,12,9,,87.24
70,Placer,1,2020,11,1,9,2,83.32,235,12,9,,88.44
71,Plumas,1,2020,11,1,9,2,77.43,235,12,9,,83.65
72,Riverside,1,2020,11,1,9,2,68.15,235,12,9,,81.91
73,Sacramento,1,2020,11,1,9,2,70.92,235,12,9,,82.51
74,San Benito,1,2020,11,1,9,2,77.46,235,12,9,,82.6
75,San Bernardino,1,2020,11,1,9,2,64.04,235,12,9,,77.32
76,San Diego,1,2020,11,1,9,2,73.5,235,12,9,,83.45
77,San Francisco,1,2020,11,1,9,2,67.29,235,12,9,,86.22
78,San Joaquin,1,2020,11,1,9,2,62.77,235,12,9,,79.72
79,San Luis Obispo,1,2020,11,1,9,2,78.83,235,12,9,,88.5
80,San Mateo,1,2020,11,1,9,2,75.38,235,12,9,,85.82
81,Santa Barbara,1,2020,11,1,9,2,69.7,235,12,9,,86.53
82,Santa Clara,1,2020,11,1,9,2,71.64,235,12,9,,84.76
83,Santa Cruz,1,2020,11,1,9,2,79.34,235,12,9,,85.97
84,Shasta,1,2020,11,1,9,2,70.33,235,12,9,,84.58
85,Sierra,1,2020,11,1,9,2,75.28,235,12,9,,86.86
86,Siskiyou,1,2020,11,1,9,2,69.24,235,12,9,,81.38
87,Solano,1,2020,11,1,9,2,70.99,235,12,9,,80.65
88,Sonoma,1,2020,11,1,9,2,80,235,12,9,,90.49
89,Stanislaus,1,2020,11,1,9,2,62.74,235,12,9,,77.78
90,Sutter,1,2020,11,1,9,2,70.23,235,12,9,,83.05
91,Tehama,1,2020,11,1,9,2,64.97,235,12,9,,78.54
92,Trinity,1,2020,11,1,9,2,57.16,235,12,9,,77.85
93,Tulare,1,2020,11,1,9,2,55.48,235,12,9,,74.44
94,Tuolumne,1,2020,11,1,9,2,72.33,235,12,9,,87.98
95,Ventura,1,2020,11,1,9,2,80.05,235,12,9,,85.91
96,Yolo,1,2020,11,1,9,2,65.65,235,12,9,,83.07
97,Yuba,1,2020,11,1,9,2,58.28,235,12,9,,76.22
40,Alameda,1,2018,10,1,9,1,53.94,281,11,4.3,,66.65
41,Alpine,1,2018,10,1,9,1,66.67,281,11,4.3,,82.59
42,Amador,1,2018,10,1,9,1,65.58,281,11,4.3,,79.73
43,Butte,1,2018,10,1,9,1,52.46,281,11,4.3,,73.42
44,Calaveras,1,2018,10,1,9,1,60.74,281,11,4.3,,74.1
45,Colusa,1,2018,10,1,9,1,46.33,281,11,4.3,,66.14
46,Contra Costa,1,2018,10,1,9,1,55.73,281,11,4.3,,68.14
47,Del Norte,1,2018,10,1,9,1,46.78,281,11,4.3,,59.64
48,El Dorado,1,2018,10,1,9,1,64.23,281,11,4.3,,74.86
49,Fresno,1,2018,10,1,9,1,43.01,281,11,4.3,,56.24
50,Glenn,1,2018,10,1,9,1,45.57,281,11,4.3,,66.29
51,Humboldt,1,2018,10,1,9,1,50.64,281,11,4.3,,68.05
52,Imperial,1,2018,10,1,9,1,33.49,281,11,4.3,,48.61
53,Inyo,1,2018,10,1,9,1,54,281,11,4.3,,73.65
54,Kern,1,2018,10,1,9,1,39.68,281,11,4.3,,54.76
55,Kings,1,2018,10,1,9,1,38.04,281,11,4.3,,58.15
56,Lake,1,2018,10,1,9,1,43.39,281,11,4.3,,65.74
57,Lassen,1,2018,10,1,9,1,55.11,281,11,4.3,,63.72
58,Los Angeles,1,2018,10,1,9,1,48.53,281,11,4.3,,67.25
59,Madera,1,2018,10,1,9,1,43.39,281,11,4.3,,67.87
60,Marin,1,2018,10,1,9,1,72.8,281,11,4.3,,82.29
61,Mariposa,1,2018,10,1,9,1,55.8,281,11,4.3,,76.78
62,Mendocino,1,2018,10,1,9,1,52.74,281,11,4.3,,68.74
63,Merced,1,2018,10,1,9,1,37.39,281,11,4.3,,61.66
64,Modoc,1,2018,10,1,9,1,47.31,281,11,4.3,,68.33
65,Mono,1,2018,10,1,9,1,51.65,281,11,4.3,,74.7
66,Monterey,1,2018,10,1,9,1,48.03,281,11,4.3,,62.79
67,Napa,1,2018,10,1,9,1,61.85,281,11,4.3,,73.12
68,Nevada,1,2018,10,1,9,1,69.97,281,11,4.3,,79.76
69,Orange,1,2018,10,1,9,1,54.56,281,11,4.3,,70.94
70,Placer,1,2018,10,1,9,1,64.25,281,11,4.3,,75.71
71,Plumas,1,2018,10,1,9,1,58.95,281,11,4.3,,75.24
72,Riverside,1,2018,10,1,9,1,43.92,281,11,4.3,,62.8
73,Sacramento,1,2018,10,1,9,1,51.58,281,11,4.3,,68.23
74,San Benito,1,2018,10,1,9,1,60.12,281,11,4.3,,68.49
75,San Bernardino,1,2018,10,1,9,1,41.05,281,11,4.3,,58.26
76,San Diego,1,2018,10,1,9,1,52.78,281,11,4.3,,67.4
77,San Francisco,1,2018,10,1,9,1,56.47,281,11,4.3,,74.56
78,San Joaquin,1,2018,10,1,9,1,42.86,281,11,4.3,,57.01
79,San Luis Obispo,1,2018,10,1,9,1,61.4,281,11,4.3,,74.39
80,San Mateo,1,2018,10,1,9,1,57.15,281,11,4.3,,72.63
81,Santa Barbara,1,2018,10,1,9,1,53.6,281,11,4.3,,72.53
82,Santa Clara,1,2018,10,1,9,1,51.75,281,11,4.3,,70.61
83,Santa Cruz,1,2018,10,1,9,1,64.11,281,11,4.3,,76.3
84,Shasta,1,2018,10,1,9,1,52.82,281,11,4.3,,69.61
85,Sierra,1,2018,10,1,9,1,64.76,281,11,4.3,,77.53
86,Siskiyou,1,2018,10,1,9,1,53.34,281,11,4.3,,66.78
87,Solano,1,2018,10,1,9,1,50.45,281,11,4.3,,64.08
88,Sonoma,1,2018,10,1,9,1,61.26,281,11,4.3,,77.97
89,Stanislaus,1,2018,10,1,9,1,45.96,281,11,4.3,,64.08
90,Sutter,1,2018,10,1,9,1,50.74,281,11,4.3,,66.76
91,Tehama,1,2018,10,1,9,1,48.23,281,11,4.3,,63.53
92,Trinity,1,2018,10,1,9,1,48,281,11,4.3,,70.85
93,Tulare,1,2018,10,1,9,1,37.95,281,11,4.3,,59.67
94,Tuolumne,1,2018,10,1,9,1,58.92,281,11,4.3,,75.6
95,Ventura,1,2018,10,1,9,1,56.99,281,11,4.3,,70.03
96,Yolo,1,2018,10,1,9,1,49.48,281,11,4.3,,66.01
97,Yuba,1,2018,10,1,9,1,40.16,281,11,4.3,,57.57
40,Alameda,1,2016,9,1,9,0,62.64,286,10,5.4,,
41,Alpine,1,2016,9,1,9,0,65.3,286,10,5.4,,
42,Amador,1,2016,9,1,9,0,66.38,286,10,5.4,,
43,Butte,1,2016,9,1,9,0,58.49,286,10,5.4,,
44,Calaveras,1,2016,9,1,9,0,66.42,286,10,5.4,,
45,Colusa,1,2016,9,1,9,0,54.53,286,10,5.4,,
46,Contra Costa,1,2016,9,1,9,0,64.71,286,10,5.4,,
47,Del Norte,1,2016,9,1,9,0,54.4,286,10,5.4,,
48,El Dorado,1,2016,9,1,9,0,70.77,286,10,5.4,,
49,Fresno,1,2016,9,1,9,0,50.05,286,10,5.4,,
50,Glenn,1,2016,9,1,9,0,52.74,286,10,5.4,,
51,Humboldt,1,2016,9,1,9,0,57.99,286,10,5.4,,
52,Imperial,1,2016,9,1,9,0,50.26,286,10,5.4,,
53,Inyo,1,2016,9,1,9,0,60.58,286,10,5.4,,
54,Kern,1,2016,9,1,9,0,49.68,286,10,5.4,,
55,Kings,1,2016,9,1,9,0,43.51,286,10,5.4,,
56,Lake,1,2016,9,1,9,0,51.74,286,10,5.4,,
57,Lassen,1,2016,9,1,9,0,66.32,286,10,5.4,,
58,Los Angeles,1,2016,9,1,9,0,56.96,286,10,5.4,,
59,Madera,1,2016,9,1,9,0,50.64,286,10,5.4,,
60,Marin,1,2016,9,1,9,0,78.91,286,10,5.4,,
61,Mariposa,1,2016,9,1,9,0,61.81,286,10,5.4,,
62,Mendocino,1,2016,9,1,9,0,60.76,286,10,5.4,,
63,Merced,1,2016,9,1,9,0,46.87,286,10,5.4,,
64,Modoc,1,2016,9,1,9,0,52.62,286,10,5.4,,
65,Mono,1,2016,9,1,9,0,58.26,286,10,5.4,,
66,Monterey,1,2016,9,1,9,0,56.52,286,10,5.4,,
67,Napa,1,2016,9,1,9,0,67.52,286,10,5.4,,
68,Nevada,1,2016,9,1,9,0,73.34,286,10,5.4,,
69,Orange,1,2016,9,1,9,0,61.69,286,10,5.4,,
70,Placer,1,2016,9,1,9,0,72.15,286,10,5.4,,
71,Plumas,1,2016,9,1,9,0,62.57,286,10,5.4,,
72,Riverside,1,2016,9,1,9,0,53.49,286,10,5.4,,
73,Sacramento,1,2016,9,1,9,0,58.21,286,10,5.4,,
74,San Benito,1,2016,9,1,9,0,66.33,286,10,5.4,,
75,San Bernardino,1,2016,9,1,9,0,51.42,286,10,5.4,,
76,San Diego,1,2016,9,1,9,0,61.45,286,10,5.4,,
77,San Francisco,1,2016,9,1,9,0,64.07,286,10,5.4,,
78,San Joaquin,1,2016,9,1,9,0,52.09,286,10,5.4,,
79,San Luis Obispo,1,2016,9,1,9,0,67.17,286,10,5.4,,
80,San Mateo,1,2016,9,1,9,0,64.17,286,10,5.4,,
81,Santa Barbara,1,2016,9,1,9,0,62.83,286,10,5.4,,
82,Santa Clara,1,2016,9,1,9,0,60.73,286,10,5.4,,
83,Santa Cruz,1,2016,9,1,9,0,69.46,286,10,5.4,,
84,Shasta,1,2016,9,1,9,0,61.48,286,10,5.4,,
85,Sierra,1,2016,9,1,9,0,72.76,286,10,5.4,,
86,Siskiyou,1,2016,9,1,9,0,61.11,286,10,5.4,,
87,Solano,1,2016,9,1,9,0,58.99,286,10,5.4,,
88,Sonoma,1,2016,9,1,9,0,67.74,286,10,5.4,,
89,Stanislaus,1,2016,9,1,9,0,52.55,286,10,5.4,,
90,Sutter,1,2016,9,1,9,0,56.65,286,10,5.4,,
91,Tehama,1,2016,9,1,9,0,56.09,286,10,5.4,,
92,Trinity,1,2016,9,1,9,0,52.34,286,10,5.4,,
93,Tulare,1,2016,9,1,9,0,44.5,286,10,5.4,,
94,Tuolumne,1,2016,9,1,9,0,64.05,286,10,5.4,,
95,Ventura,1,2016,9,1,9,0,65.98,286,10,5.4,,
96,Yolo,1,2016,9,1,9,0,57.55,286,10,5.4,,
97,Yuba,1,2016,9,1,9,0,48.81,286,10,5.4,,
40,Alameda,1,2014,8,0,9,-1,35.36,302,9,7.1,,
41,Alpine,1,2014,8,0,9,-1,53.3,302,9,7.1,,
42,Amador,1,2014,8,0,9,-1,49.2,302,9,7.1,,
43,Butte,1,2014,8,0,9,-1,37.84,302,9,7.1,,
44,Calaveras,1,2014,8,0,9,-1,45.39,302,9,7.1,,
45,Colusa,1,2014,8,0,9,-1,35.96,302,9,7.1,,
46,Contra Costa,1,2014,8,0,9,-1,36.04,302,9,7.1,,
47,Del Norte,1,2014,8,0,9,-1,40.17,302,9,7.1,,
48,El Dorado,1,2014,8,0,9,-1,46.4,302,9,7.1,,
49,Fresno,1,2014,8,0,9,-1,28.57,302,9,7.1,,
50,Glenn,1,2014,8,0,9,-1,33.79,302,9,7.1,,
51,Humboldt,1,2014,8,0,9,-1,36.8,302,9,7.1,,
52,Imperial,1,2014,8,0,9,-1,22.64,302,9,7.1,,
53,Inyo,1,2014,8,0,9,-1,40.91,302,9,7.1,,
54,Kern,1,2014,8,0,9,-1,27.31,302,9,7.1,,
55,Kings,1,2014,8,0,9,-1,29.39,302,9,7.1,,
56,Lake,1,2014,8,0,9,-1,36.81,302,9,7.1,,
57,Lassen,1,2014,8,0,9,-1,40.6,302,9,7.1,,
58,Los Angeles,1,2014,8,0,9,-1,24.91,302,9,7.1,,
59,Madera,1,2014,8,0,9,-1,31.83,302,9,7.1,,
60,Marin,1,2014,8,0,9,-1,50.61,302,9,7.1,,
61,Mariposa,1,2014,8,0,9,-1,43.79,302,9,7.1,,
62,Mendocino,1,2014,8,0,9,-1,38.84,302,9,7.1,,
63,Merced,1,2014,8,0,9,-1,25.57,302,9,7.1,,
64,Modoc,1,2014,8,0,9,-1,41.97,302,9,7.1,,
65,Mono,1,2014,8,0,9,-1,32.75,302,9,7.1,,
66,Monterey,1,2014,8,0,9,-1,31.85,302,9,7.1,,
67,Napa,1,2014,8,0,9,-1,42.35,302,9,7.1,,
68,Nevada,1,2014,8,0,9,-1,51.65,302,9,7.1,,
69,Orange,1,2014,8,0,9,-1,32.61,302,9,7.1,,
70,Placer,1,2014,8,0,9,-1,44.51,302,9,7.1,,
71,Plumas,1,2014,8,0,9,-1,47.34,302,9,7.1,,
72,Riverside,1,2014,8,0,9,-1,25.66,302,9,7.1,,
73,Sacramento,1,2014,8,0,9,-1,34.42,302,9,7.1,,
74,San Benito,1,2014,8,0,9,-1,40.57,302,9,7.1,,
75,San Bernardino,1,2014,8,0,9,-1,23.03,302,9,7.1,,
76,San Diego,1,2014,8,0,9,-1,32.42,302,9,7.1,,
77,San Francisco,1,2014,8,0,9,-1,36.97,302,9,7.1,,
78,San Joaquin,1,2014,8,0,9,-1,27.81,302,9,7.1,,
79,San Luis Obispo,1,2014,8,0,9,-1,43.29,302,9,7.1,,
80,San Mateo,1,2014,8,0,9,-1,33.51,302,9,7.1,,
81,Santa Barbara,1,2014,8,0,9,-1,40.58,302,9,7.1,,
82,Santa Clara,1,2014,8,0,9,-1,34.9,302,9,7.1,,
83,Santa Cruz,1,2014,8,0,9,-1,39.42,302,9,7.1,,
84,Shasta,1,2014,8,0,9,-1,43.42,302,9,7.1,,
85,Sierra,1,2014,8,0,9,-1,65.03,302,9,7.1,,
86,Siskiyou,1,2014,8,0,9,-1,40.52,302,9,7.1,,
87,Solano,1,2014,8,0,9,-1,32.14,302,9,7.1,,
88,Sonoma,1,2014,8,0,9,-1,42.9,302,9,7.1,,
89,Stanislaus,1,2014,8,0,9,-1,28.38,302,9,7.1,,
90,Sutter,1,2014,8,0,9,-1,35.18,302,9,7.1,,
91,Tehama,1,2014,8,0,9,-1,36.11,302,9,7.1,,
92,Trinity,1,2014,8,0,9,-1,36.1,302,9,7.1,,
93,Tulare,1,2014,8,0,9,-1,24.55,302,9,7.1,,
94,Tuolumne,1,2014,8,0,9,-1,43.93,302,9,7.1,,
95,Ventura,1,2014,8,0,9,-1,37.59,302,9,7.1,,
96,Yolo,1,2014,8,0,9,-1,32.97,302,9,7.1,,
97,Yuba,1,2014,8,0,9,-1,26.58,302,9,7.1,,
40,Alameda,1,2012,7,0,9,-2,59.99,317,8,9.8,,
41,Alpine,1,2012,7,0,9,-2,75.49,317,8,9.8,,
42,Amador,1,2012,7,0,9,-2,65.29,317,8,9.8,,
43,Butte,1,2012,7,0,9,-2,55.03,317,8,9.8,,
44,Calaveras,1,2012,7,0,9,-2,61.89,317,8,9.8,,
45,Colusa,1,2012,7,0,9,-2,49.27,317,8,9.8,,
46,Contra Costa,1,2012,7,0,9,-2,62.87,317,8,9.8,,
47,Del Norte,1,2012,7,0,9,-2,48.65,317,8,9.8,,
48,El Dorado,1,2012,7,0,9,-2,66.72,317,8,9.8,,
49,Fresno,1,2012,7,0,9,-2,46.78,317,8,9.8,,
50,Glenn,1,2012,7,0,9,-2,51.69,317,8,9.8,,
51,Humboldt,1,2012,7,0,9,-2,55.57,317,8,9.8,,
52,Imperial,1,2012,7,0,9,-2,42.53,317,8,9.8,,
53,Inyo,1,2012,7,0,9,-2,59.97,317,8,9.8,,
54,Kern,1,2012,7,0,9,-2,46.1,317,8,9.8,,
55,Kings,1,2012,7,0,9,-2,41.11,317,8,9.8,,
56,Lake,1,2012,7,0,9,-2,50.25,317,8,9.8,,
57,Lassen,1,2012,7,0,9,-2,57.9,317,8,9.8,,
58,Los Angeles,1,2012,7,0,9,-2,54.16,317,8,9.8,,
59,Madera,1,2012,7,0,9,-2,46.41,317,8,9.8,,
60,Marin,1,2012,7,0,9,-2,76.69,317,8,9.8,,
61,Mariposa,1,2012,7,0,9,-2,63.02,317,8,9.8,,
62,Mendocino,1,2012,7,0,9,-2,57.35,317,8,9.8,,
63,Merced,1,2012,7,0,9,-2,42.68,317,8,9.8,,
64,Modoc,1,2012,7,0,9,-2,55.62,317,8,9.8,,
65,Mono,1,2012,7,0,9,-2,52.67,317,8,9.8,,
66,Monterey,1,2012,7,0,9,-2,53.78,317,8,9.8,,
67,Napa,1,2012,7,0,9,-2,63.28,317,8,9.8,,
68,Nevada,1,2012,7,0,9,-2,68.48,317,8,9.8,,
69,Orange,1,2012,7,0,9,-2,58.86,317,8,9.8,,
70,Placer,1,2012,7,0,9,-2,68.79,317,8,9.8,,
71,Plumas,1,2012,7,0,9,-2,64.22,317,8,9.8,,
72,Riverside,1,2012,7,0,9,-2,49.28,317,8,9.8,,
73,Sacramento,1,2012,7,0,9,-2,55.29,317,8,9.8,,
74,San Benito,1,2012,7,0,9,-2,57.4,317,8,9.8,,
75,San Bernardino,1,2012,7,0,9,-2,46.81,317,8,9.8,,
76,San Diego,1,2012,7,0,9,-2,57.46,317,8,9.8,,
77,San Francisco,1,2012,7,0,9,-2,60.49,317,8,9.8,,
78,San Joaquin,1,2012,7,0,9,-2,49.27,317,8,9.8,,
79,San Luis Obispo,1,2012,7,0,9,-2,62.97,317,8,9.8,,
80,San Mateo,1,2012,7,0,9,-2,60.18,317,8,9.8,,
81,Santa Barbara,1,2012,7,0,9,-2,59.68,317,8,9.8,,
82,Santa Clara,1,2012,7,0,9,-2,58.2,317,8,9.8,,
83,Santa Cruz,1,2012,7,0,9,-2,66.24,317,8,9.8,,
84,Shasta,1,2012,7,0,9,-2,57.68,317,8,9.8,,
85,Sierra,1,2012,7,0,9,-2,71.51,317,8,9.8,,
86,Siskiyou,1,2012,7,0,9,-2,58.59,317,8,9.8,,
87,Solano,1,2012,7,0,9,-2,56.12,317,8,9.8,,
88,Sonoma,1,2012,7,0,9,-2,64.49,317,8,9.8,,
89,Stanislaus,1,2012,7,0,9,-2,48.59,317,8,9.8,,
90,Sutter,1,2012,7,0,9,-2,52.8,317,8,9.8,,
91,Tehama,1,2012,7,0,9,-2,53.71,317,8,9.8,,
92,Trinity,1,2012,7,0,9,-2,51.26,317,8,9.8,,
93,Tulare,1,2012,7,0,9,-2,40.51,317,8,9.8,,
94,Tuolumne,1,2012,7,0,9,-2,64.07,317,8,9.8,,
95,Ventura,1,2012,7,0,9,-2,61.81,317,8,9.8,,
96,Yolo,1,2012,7,0,9,-2,54.7,317,8,9.8,,
97,Yuba,1,2012,7,0,9,-2,42.43,317,8,9.8,,
40,Alameda,1,2010,6,0,9,-3,46.54,290,8,12.3,,
41,Alpine,1,2010,6,0,9,-3,63.38,290,8,12.3,,
42,Amador,1,2010,6,0,9,-3,63.49,290,8,12.3,,
43,Butte,1,2010,6,0,9,-3,48.31,290,8,12.3,,
44,Calaveras,1,2010,6,0,9,-3,57.67,290,8,12.3,,
45,Colusa,1,2010,6,0,9,-3,44,290,8,12.3,,
46,Contra Costa,1,2010,6,0,9,-3,49.53,290,8,12.3,,
47,Del Norte,1,2010,6,0,9,-3,46.04,290,8,12.3,,
48,El Dorado,1,2010,6,0,9,-3,60.83,290,8,12.3,,
49,Fresno,1,2010,6,0,9,-3,37.22,290,8,12.3,,
50,Glenn,1,2010,6,0,9,-3,45.97,290,8,12.3,,
51,Humboldt,1,2010,6,0,9,-3,51.83,290,8,12.3,,
52,Imperial,1,2010,6,0,9,-3,29.17,290,8,12.3,,
53,Inyo,1,2010,6,0,9,-3,54.72,290,8,12.3,,
54,Kern,1,2010,6,0,9,-3,36.29,290,8,12.3,,
55,Kings,1,2010,6,0,9,-3,33.18,290,8,12.3,,
56,Lake,1,2010,6,0,9,-3,46.11,290,8,12.3,,
57,Lassen,1,2010,6,0,9,-3,52.36,290,8,12.3,,
58,Los Angeles,1,2010,6,0,9,-3,40.82,290,8,12.3,,
59,Madera,1,2010,6,0,9,-3,41.27,290,8,12.3,,
60,Marin,1,2010,6,0,9,-3,63.05,290,8,12.3,,
61,Mariposa,1,2010,6,0,9,-3,59.51,290,8,12.3,,
62,Mendocino,1,2010,6,0,9,-3,52.23,290,8,12.3,,
63,Merced,1,2010,6,0,9,-3,34.54,290,8,12.3,,
64,Modoc,1,2010,6,0,9,-3,55.32,290,8,12.3,,
65,Mono,1,2010,6,0,9,-3,47.42,290,8,12.3,,
66,Monterey,1,2010,6,0,9,-3,42.58,290,8,12.3,,
67,Napa,1,2010,6,0,9,-3,51.47,290,8,12.3,,
68,Nevada,1,2010,6,0,9,-3,66.95,290,8,12.3,,
69,Orange,1,2010,6,0,9,-3,47.5,290,8,12.3,,
70,Placer,1,2010,6,0,9,-3,58.45,290,8,12.3,,
71,Plumas,1,2010,6,0,9,-3,60.83,290,8,12.3,,
72,Riverside,1,2010,6,0,9,-3,37.71,290,8,12.3,,
73,Sacramento,1,2010,6,0,9,-3,45.52,290,8,12.3,,
74,San Benito,1,2010,6,0,9,-3,47.33,290,8,12.3,,
75,San Bernardino,1,2010,6,0,9,-3,36.06,290,8,12.3,,
76,San Diego,1,2010,6,0,9,-3,44.12,290,8,12.3,,
77,San Francisco,1,2010,6,0,9,-3,45.86,290,8,12.3,,
78,San Joaquin,1,2010,6,0,9,-3,38.85,290,8,12.3,,
79,San Luis Obispo,1,2010,6,0,9,-3,55,290,8,12.3,,
80,San Mateo,1,2010,6,0,9,-3,46.29,290,8,12.3,,
81,Santa Barbara,1,2010,6,0,9,-3,47.92,290,8,12.3,,
82,Santa Clara,1,2010,6,0,9,-3,45.92,290,8,12.3,,
83,Santa Cruz,1,2010,6,0,9,-3,53.61,290,8,12.3,,
84,Shasta,1,2010,6,0,9,-3,49.95,290,8,12.3,,
85,Sierra,1,2010,6,0,9,-3,75.88,290,8,12.3,,
86,Siskiyou,1,2010,6,0,9,-3,55.26,290,8,12.3,,
87,Solano,1,2010,6,0,9,-3,43.81,290,8,12.3,,
88,Sonoma,1,2010,6,0,9,-3,55.06,290,8,12.3,,
89,Stanislaus,1,2010,6,0,9,-3,37.72,290,8,12.3,,
90,Sutter,1,2010,6,0,9,-3,41.86,290,8,12.3,,
91,Tehama,1,2010,6,0,9,-3,47.44,290,8,12.3,,
92,Trinity,1,2010,6,0,9,-3,53.63,290,8,12.3,,
93,Tulare,1,2010,6,0,9,-3,33.44,290,8,12.3,,
94,Tuolumne,1,2010,6,0,9,-3,59.35,290,8,12.3,,
95,Ventura,1,2010,6,0,9,-3,49.78,290,8,12.3,,
96,Yolo,1,2010,6,0,9,-3,46.05,290,8,12.3,,
97,Yuba,1,2010,6,0,9,-3,35.91,290,8,12.3,,
40,Alameda,1,2008,5,0,9,-4,63.64,334,8,8.8,,
41,Alpine,1,2008,5,0,9,-4,77.36,334,8,8.8,,
42,Amador,1,2008,5,0,9,-4,73.44,334,8,8.8,,
43,Butte,1,2008,5,0,9,-4,62.25,334,8,8.8,,
44,Calaveras,1,2008,5,0,9,-4,66.84,334,8,8.8,,
45,Colusa,1,2008,5,0,9,-4,54.84,334,8,8.8,,
46,Contra Costa,1,2008,5,0,9,-4,65.35,334,8,8.8,,
47,Del Norte,1,2008,5,0,9,-4,54.37,334,8,8.8,,
48,El Dorado,1,2008,5,0,9,-4,73.37,334,8,8.8,,
49,Fresno,1,2008,5,0,9,-4,51.44,334,8,8.8,,
50,Glenn,1,2008,5,0,9,-4,57.22,334,8,8.8,,
51,Humboldt,1,2008,5,0,9,-4,64.7,334,8,8.8,,
52,Imperial,1,2008,5,0,9,-4,44.53,334,8,8.8,,
53,Inyo,1,2008,5,0,9,-4,66.28,334,8,8.8,,
54,Kern,1,2008,5,0,9,-4,49.84,334,8,8.8,,
55,Kings,1,2008,5,0,9,-4,45.69,334,8,8.8,,
56,Lake,1,2008,5,0,9,-4,55.31,334,8,8.8,,
57,Lassen,1,2008,5,0,9,-4,66.28,334,8,8.8,,
58,Los Angeles,1,2008,5,0,9,-4,58.31,334,8,8.8,,
59,Madera,1,2008,5,0,9,-4,52,334,8,8.8,,
60,Marin,1,2008,5,0,9,-4,77.99,334,8,8.8,,
61,Mariposa,1,2008,5,0,9,-4,67.98,334,8,8.8,,
62,Mendocino,1,2008,5,0,9,-4,65.16,334,8,8.8,,
63,Merced,1,2008,5,0,9,-4,46.09,334,8,8.8,,
64,Modoc,1,2008,5,0,9,-4,65.28,334,8,8.8,,
65,Mono,1,2008,5,0,9,-4,58.56,334,8,8.8,,
66,Monterey,1,2008,5,0,9,-4,56.2,334,8,8.8,,
67,Napa,1,2008,5,0,9,-4,65.76,334,8,8.8,,
68,Nevada,1,2008,5,0,9,-4,75.33,334,8,8.8,,
69,Orange,1,2008,5,0,9,-4,62.75,334,8,8.8,,
70,Placer,1,2008,5,0,9,-4,73.22,334,8,8.8,,
71,Plumas,1,2008,5,0,9,-4,70.21,334,8,8.8,,
72,Riverside,1,2008,5,0,9,-4,51.15,334,8,8.8,,
73,Sacramento,1,2008,5,0,9,-4,58.69,334,8,8.8,,
74,San Benito,1,2008,5,0,9,-4,58.21,334,8,8.8,,
75,San Bernardino,1,2008,5,0,9,-4,50.12,334,8,8.8,,
76,San Diego,1,2008,5,0,9,-4,60.71,334,8,8.8,,
77,San Francisco,1,2008,5,0,9,-4,64.72,334,8,8.8,,
78,San Joaquin,1,2008,5,0,9,-4,51.42,334,8,8.8,,
79,San Luis Obispo,1,2008,5,0,9,-4,69.17,334,8,8.8,,
80,San Mateo,1,2008,5,0,9,-4,64.1,334,8,8.8,,
81,Santa Barbara,1,2008,5,0,9,-4,63.7,334,8,8.8,,
82,Santa Clara,1,2008,5,0,9,-4,60.68,334,8,8.8,,
83,Santa Cruz,1,2008,5,0,9,-4,71.88,334,8,8.8,,
84,Shasta,1,2008,5,0,9,-4,61.83,334,8,8.8,,
85,Sierra,1,2008,5,0,9,-4,80,334,8,8.8,,
86,Siskiyou,1,2008,5,0,9,-4,63.98,334,8,8.8,,
87,Solano,1,2008,5,0,9,-4,59.4,334,8,8.8,,
88,Sonoma,1,2008,5,0,9,-4,69.68,334,8,8.8,,
89,Stanislaus,1,2008,5,0,9,-4,50.47,334,8,8.8,,
90,Sutter,1,2008,5,0,9,-4,55.35,334,8,8.8,,
91,Tehama,1,2008,5,0,9,-4,57.75,334,8,8.8,,
92,Trinity,1,2008,5,0,9,-4,60.78,334,8,8.8,,
93,Tulare,1,2008,5,0,9,-4,43.99,334,8,8.8,,
94,Tuolumne,1,2008,5,0,9,-4,71.68,334,8,8.8,,
95,Ventura,1,2008,5,0,9,-4,65.66,334,8,8.8,,
96,Yolo,1,2008,5,0,9,-4,61.75,334,8,8.8,,
97,Yuba,1,2008,5,0,9,-4,47.74,334,8,8.8,,
40,Alameda,1,2006,4,0,9,-5,43.2,340,6.75,4.8,,
41,Alpine,1,2006,4,0,9,-5,59.78,340,6.75,4.8,,
42,Amador,1,2006,4,0,9,-5,58.39,340,6.75,4.8,,
43,Butte,1,2006,4,0,9,-5,44.65,340,6.75,4.8,,
44,Calaveras,1,2006,4,0,9,-5,52.07,340,6.75,4.8,,
45,Colusa,1,2006,4,0,9,-5,42.77,340,6.75,4.8,,
46,Contra Costa,1,2006,4,0,9,-5,45.16,340,6.75,4.8,,
47,Del Norte,1,2006,4,0,9,-5,39.11,340,6.75,4.8,,
48,El Dorado,1,2006,4,0,9,-5,54.63,340,6.75,4.8,,
49,Fresno,1,2006,4,0,9,-5,34.68,340,6.75,4.8,,
50,Glenn,1,2006,4,0,9,-5,44.44,340,6.75,4.8,,
51,Humboldt,1,2006,4,0,9,-5,49.6,340,6.75,4.8,,
52,Imperial,1,2006,4,0,9,-5,27.05,340,6.75,4.8,,
53,Inyo,1,2006,4,0,9,-5,49.91,340,6.75,4.8,,
54,Kern,1,2006,4,0,9,-5,33.67,340,6.75,4.8,,
55,Kings,1,2006,4,0,9,-5,31.87,340,6.75,4.8,,
56,Lake,1,2006,4,0,9,-5,42.17,340,6.75,4.8,,
57,Lassen,1,2006,4,0,9,-5,53.25,340,6.75,4.8,,
58,Los Angeles,1,2006,4,0,9,-5,35.62,340,6.75,4.8,,
59,Madera,1,2006,4,0,9,-5,38.66,340,6.75,4.8,,
60,Marin,1,2006,4,0,9,-5,61.04,340,6.75,4.8,,
61,Mariposa,1,2006,4,0,9,-5,54.7,340,6.75,4.8,,
62,Mendocino,1,2006,4,0,9,-5,50.67,340,6.75,4.8,,
63,Merced,1,2006,4,0,9,-5,31.55,340,6.75,4.8,,
64,Modoc,1,2006,4,0,9,-5,54.91,340,6.75,4.8,,
65,Mono,1,2006,4,0,9,-5,40.7,340,6.75,4.8,,
66,Monterey,1,2006,4,0,9,-5,39.07,340,6.75,4.8,,
67,Napa,1,2006,4,0,9,-5,48.24,340,6.75,4.8,,
68,Nevada,1,2006,4,0,9,-5,58.3,340,6.75,4.8,,
69,Orange,1,2006,4,0,9,-5,41.31,340,6.75,4.8,,
70,Placer,1,2006,4,0,9,-5,55.1,340,6.75,4.8,,
71,Plumas,1,2006,4,0,9,-5,55.06,340,6.75,4.8,,
72,Riverside,1,2006,4,0,9,-5,32.39,340,6.75,4.8,,
73,Sacramento,1,2006,4,0,9,-5,40.61,340,6.75,4.8,,
74,San Benito,1,2006,4,0,9,-5,42.86,340,6.75,4.8,,
75,San Bernardino,1,2006,4,0,9,-5,29.95,340,6.75,4.8,,
76,San Diego,1,2006,4,0,9,-5,39.65,340,6.75,4.8,,
77,San Francisco,1,2006,4,0,9,-5,43.93,340,6.75,4.8,,
78,San Joaquin,1,2006,4,0,9,-5,34.97,340,6.75,4.8,,
79,San Luis Obispo,1,2006,4,0,9,-5,52.59,340,6.75,4.8,,
80,San Mateo,1,2006,4,0,9,-5,45.08,340,6.75,4.8,,
81,Santa Barbara,1,2006,4,0,9,-5,46.12,340,6.75,4.8,,
82,Santa Clara,1,2006,4,0,9,-5,41.22,340,6.75,4.8,,
83,Santa Cruz,1,2006,4,0,9,-5,52.54,340,6.75,4.8,,
84,Shasta,1,2006,4,0,9,-5,45.47,340,6.75,4.8,,
85,Sierra,1,2006,4,0,9,-5,62.36,340,6.75,4.8,,
86,Siskiyou,1,2006,4,0,9,-5,50.29,340,6.75,4.8,,
87,Solano,1,2006,4,0,9,-5,39.05,340,6.75,4.8,,
88,Sonoma,1,2006,4,0,9,-5,54,340,6.75,4.8,,
89,Stanislaus,1,2006,4,0,9,-5,33.34,340,6.75,4.8,,
90,Sutter,1,2006,4,0,9,-5,42.32,340,6.75,4.8,,
91,Tehama,1,2006,4,0,9,-5,43.12,340,6.75,4.8,,
92,Trinity,1,2006,4,0,9,-5,56.38,340,6.75,4.8,,
93,Tulare,1,2006,4,0,9,-5,29.88,340,6.75,4.8,,
94,Tuolumne,1,2006,4,0,9,-5,54.22,340,6.75,4.8,,
95,Ventura,1,2006,4,0,9,-5,43.92,340,6.75,4.8,,
96,Yolo,1,2006,4,0,9,-5,44.65,340,6.75,4.8,,
97,Yuba,1,2006,4,0,9,-5,31.6,340,6.75,4.8,,
40,Alameda,1,2004,3,0,9,-6,59.44,326,6.75,5.9,,
41,Alpine,1,2004,3,0,9,-6,73.99,326,6.75,5.9,,
42,Amador,1,2004,3,0,9,-6,71.66,326,6.75,5.9,,
43,Butte,1,2004,3,0,9,-6,62.84,326,6.75,5.9,,
44,Calaveras,1,2004,3,0,9,-6,67.47,326,6.75,5.9,,
45,Colusa,1,2004,3,0,9,-6,57.12,326,6.75,5.9,,
46,Contra Costa,1,2004,3,0,9,-6,62.81,326,6.75,5.9,,
47,Del Norte,1,2004,3,0,9,-6,56.05,326,6.75,5.9,,
48,El Dorado,1,2004,3,0,9,-6,72.79,326,6.75,5.9,,
49,Fresno,1,2004,3,0,9,-6,50.23,326,6.75,5.9,,
50,Glenn,1,2004,3,0,9,-6,56.99,326,6.75,5.9,,
51,Humboldt,1,2004,3,0,9,-6,68.06,326,6.75,5.9,,
52,Imperial,1,2004,3,0,9,-6,44.19,326,6.75,5.9,,
53,Inyo,1,2004,3,0,9,-6,65.44,326,6.75,5.9,,
54,Kern,1,2004,3,0,9,-6,50.84,326,6.75,5.9,,
55,Kings,1,2004,3,0,9,-6,46.35,326,6.75,5.9,,
56,Lake,1,2004,3,0,9,-6,54.05,326,6.75,5.9,,
57,Lassen,1,2004,3,0,9,-6,70.47,326,6.75,5.9,,
58,Los Angeles,1,2004,3,0,9,-6,54.55,326,6.75,5.9,,
59,Madera,1,2004,3,0,9,-6,52.54,326,6.75,5.9,,
60,Marin,1,2004,3,0,9,-6,78.37,326,6.75,5.9,,
61,Mariposa,1,2004,3,0,9,-6,67.86,326,6.75,5.9,,
62,Mendocino,1,2004,3,0,9,-6,63.03,326,6.75,5.9,,
63,Merced,1,2004,3,0,9,-6,45.91,326,6.75,5.9,,
64,Modoc,1,2004,3,0,9,-6,65.18,326,6.75,5.9,,
65,Mono,1,2004,3,0,9,-6,57.23,326,6.75,5.9,,
66,Monterey,1,2004,3,0,9,-6,55.36,326,6.75,5.9,,
67,Napa,1,2004,3,0,9,-6,64.71,326,6.75,5.9,,
68,Nevada,1,2004,3,0,9,-6,74.93,326,6.75,5.9,,
69,Orange,1,2004,3,0,9,-6,60.53,326,6.75,5.9,,
70,Placer,1,2004,3,0,9,-6,73.19,326,6.75,5.9,,
71,Plumas,1,2004,3,0,9,-6,70.02,326,6.75,5.9,,
72,Riverside,1,2004,3,0,9,-6,51.34,326,6.75,5.9,,
73,Sacramento,1,2004,3,0,9,-6,54.98,326,6.75,5.9,,
74,San Benito,1,2004,3,0,9,-6,56.56,326,6.75,5.9,,
75,San Bernardino,1,2004,3,0,9,-6,46.54,326,6.75,5.9,,
76,San Diego,1,2004,3,0,9,-6,58.23,326,6.75,5.9,,
77,San Francisco,1,2004,3,0,9,-6,63.31,326,6.75,5.9,,
78,San Joaquin,1,2004,3,0,9,-6,50.22,326,6.75,5.9,,
79,San Luis Obispo,1,2004,3,0,9,-6,70.18,326,6.75,5.9,,
80,San Mateo,1,2004,3,0,9,-6,62.86,326,6.75,5.9,,
81,Santa Barbara,1,2004,3,0,9,-6,63.98,326,6.75,5.9,,
82,Santa Clara,1,2004,3,0,9,-6,58.45,326,6.75,5.9,,
83,Santa Cruz,1,2004,3,0,9,-6,70.96,326,6.75,5.9,,
84,Shasta,1,2004,3,0,9,-6,61.36,326,6.75,5.9,,
85,Sierra,1,2004,3,0,9,-6,75.43,326,6.75,5.9,,
86,Siskiyou,1,2004,3,0,9,-6,65.54,326,6.75,5.9,,
87,Solano,1,2004,3,0,9,-6,56.32,326,6.75,5.9,,
88,Sonoma,1,2004,3,0,9,-6,68.68,326,6.75,5.9,,
89,Stanislaus,1,2004,3,0,9,-6,48.69,326,6.75,5.9,,
90,Sutter,1,2004,3,0,9,-6,57.37,326,6.75,5.9,,
91,Tehama,1,2004,3,0,9,-6,58.36,326,6.75,5.9,,
92,Trinity,1,2004,3,0,9,-6,63.52,326,6.75,5.9,,
93,Tulare,1,2004,3,0,9,-6,45,326,6.75,5.9,,
94,Tuolumne,1,2004,3,0,9,-6,69.79,326,6.75,5.9,,
95,Ventura,1,2004,3,0,9,-6,62.43,326,6.75,5.9,,
96,Yolo,1,2004,3,0,9,-6,60.33,326,6.75,5.9,,
97,Yuba,1,2004,3,0,9,-6,44.65,326,6.75,5.9,,
40,Alameda,1,2002,2,0,9,-7,36.27,330,6.75,6.8,,
41,Alpine,1,2002,2,0,9,-7,63.61,330,6.75,6.8,,
42,Amador,1,2002,2,0,9,-7,53.96,330,6.75,6.8,,
43,Butte,1,2002,2,0,9,-7,41.69,330,6.75,6.8,,
44,Calaveras,1,2002,2,0,9,-7,48.35,330,6.75,6.8,,
45,Colusa,1,2002,2,0,9,-7,44.2,330,6.75,6.8,,
46,Contra Costa,1,2002,2,0,9,-7,41.91,330,6.75,6.8,,
47,Del Norte,1,2002,2,0,9,-7,41.59,330,6.75,6.8,,
48,El Dorado,1,2002,2,0,9,-7,48.92,330,6.75,6.8,,
49,Fresno,1,2002,2,0,9,-7,33.59,330,6.75,6.8,,
50,Glenn,1,2002,2,0,9,-7,41.78,330,6.75,6.8,,
51,Humboldt,1,2002,2,0,9,-7,45.9,330,6.75,6.8,,
52,Imperial,1,2002,2,0,9,-7,29.82,330,6.75,6.8,,
53,Inyo,1,2002,2,0,9,-7,49.39,330,6.75,6.8,,
54,Kern,1,2002,2,0,9,-7,35.08,330,6.75,6.8,,
55,Kings,1,2002,2,0,9,-7,33.19,330,6.75,6.8,,
56,Lake,1,2002,2,0,9,-7,36.73,330,6.75,6.8,,
57,Lassen,1,2002,2,0,9,-7,48.85,330,6.75,6.8,,
58,Los Angeles,1,2002,2,0,9,-7,32.36,330,6.75,6.8,,
59,Madera,1,2002,2,0,9,-7,37.77,330,6.75,6.8,,
60,Marin,1,2002,2,0,9,-7,52.48,330,6.75,6.8,,
61,Mariposa,1,2002,2,0,9,-7,49.43,330,6.75,6.8,,
62,Mendocino,1,2002,2,0,9,-7,42.55,330,6.75,6.8,,
63,Merced,1,2002,2,0,9,-7,34.5,330,6.75,6.8,,
64,Modoc,1,2002,2,0,9,-7,52.33,330,6.75,6.8,,
65,Mono,1,2002,2,0,9,-7,33.04,330,6.75,6.8,,
66,Monterey,1,2002,2,0,9,-7,40.25,330,6.75,6.8,,
67,Napa,1,2002,2,0,9,-7,44.17,330,6.75,6.8,,
68,Nevada,1,2002,2,0,9,-7,55.37,330,6.75,6.8,,
69,Orange,1,2002,2,0,9,-7,37.42,330,6.75,6.8,,
70,Placer,1,2002,2,0,9,-7,51.54,330,6.75,6.8,,
71,Plumas,1,2002,2,0,9,-7,50.31,330,6.75,6.8,,
72,Riverside,1,2002,2,0,9,-7,30.47,330,6.75,6.8,,
73,Sacramento,1,2002,2,0,9,-7,39.13,330,6.75,6.8,,
74,San Benito,1,2002,2,0,9,-7,37.65,330,6.75,6.8,,
75,San Bernardino,1,2002,2,0,9,-7,27.42,330,6.75,6.8,,
76,San Diego,1,2002,2,0,9,-7,35.82,330,6.75,6.8,,
77,San Francisco,1,2002,2,0,9,-7,39.17,330,6.75,6.8,,
78,San Joaquin,1,2002,2,0,9,-7,35.13,330,6.75,6.8,,
79,San Luis Obispo,1,2002,2,0,9,-7,45.88,330,6.75,6.8,,
80,San Mateo,1,2002,2,0,9,-7,38.75,330,6.75,6.8,,
81,Santa Barbara,1,2002,2,0,9,-7,44.49,330,6.75,6.8,,
82,Santa Clara,1,2002,2,0,9,-7,36.01,330,6.75,6.8,,
83,Santa Cruz,1,2002,2,0,9,-7,45.9,330,6.75,6.8,,
84,Shasta,1,2002,2,0,9,-7,40.69,330,6.75,6.8,,
85,Sierra,1,2002,2,0,9,-7,56.8,330,6.75,6.8,,
86,Siskiyou,1,2002,2,0,9,-7,49.05,330,6.75,6.8,,
87,Solano,1,2002,2,0,9,-7,34.94,330,6.75,6.8,,
88,Sonoma,1,2002,2,0,9,-7,46.1,330,6.75,6.8,,
89,Stanislaus,1,2002,2,0,9,-7,33.92,330,6.75,6.8,,
90,Sutter,1,2002,2,0,9,-7,41.94,330,6.75,6.8,,
91,Tehama,1,2002,2,0,9,-7,40.08,330,6.75,6.8,,
92,Trinity,1,2002,2,0,9,-7,50.41,330,6.75,6.8,,
93,Tulare,1,2002,2,0,9,-7,30.29,330,6.75,6.8,,
94,Tuolumne,1,2002,2,0,9,-7,48.93,330,6.75,6.8,,
95,Ventura,1,2002,2,0,9,-7,40.42,330,6.75,6.8,,
96,Yolo,1,2002,2,0,9,-7,41.09,330,6.75,6.8,,
97,Yuba,1,2002,2,0,9,-7,31.21,330,6.75,6.8,,
40,Alameda,1,2000,1,0,9,-8,51.49,338,5.75,4.7,,
41,Alpine,1,2000,1,0,9,-8,62.12,338,5.75,4.7,,
42,Amador,1,2000,1,0,9,-8,68.04,338,5.75,4.7,,
43,Butte,1,2000,1,0,9,-8,55.86,338,5.75,4.7,,
44,Calaveras,1,2000,1,0,9,-8,63.55,338,5.75,4.7,,
45,Colusa,1,2000,1,0,9,-8,54.49,338,5.75,4.7,,
46,Contra Costa,1,2000,1,0,9,-8,58.75,338,5.75,4.7,,
47,Del Norte,1,2000,1,0,9,-8,51.74,338,5.75,4.7,,
48,El Dorado,1,2000,1,0,9,-8,64.47,338,5.75,4.7,,
49,Fresno,1,2000,1,0,9,-8,47.01,338,5.75,4.7,,
50,Glenn,1,2000,1,0,9,-8,51.33,338,5.75,4.7,,
51,Humboldt,1,2000,1,0,9,-8,59.83,338,5.75,4.7,,
52,Imperial,1,2000,1,0,9,-8,43.68,338,5.75,4.7,,
53,Inyo,1,2000,1,0,9,-8,58.99,338,5.75,4.7,,
54,Kern,1,2000,1,0,9,-8,45.49,338,5.75,4.7,,
55,Kings,1,2000,1,0,9,-8,41.01,338,5.75,4.7,,
56,Lake,1,2000,1,0,9,-8,50.41,338,5.75,4.7,,
57,Lassen,1,2000,1,0,9,-8,71.31,338,5.75,4.7,,
58,Los Angeles,1,2000,1,0,9,-8,51.61,338,5.75,4.7,,
59,Madera,1,2000,1,0,9,-8,51.67,338,5.75,4.7,,
60,Marin,1,2000,1,0,9,-8,66.75,338,5.75,4.7,,
61,Mariposa,1,2000,1,0,9,-8,66.42,338,5.75,4.7,,
62,Mendocino,1,2000,1,0,9,-8,57.44,338,5.75,4.7,,
63,Merced,1,2000,1,0,9,-8,45.83,338,5.75,4.7,,
64,Modoc,1,2000,1,0,9,-8,59.77,338,5.75,4.7,,
65,Mono,1,2000,1,0,9,-8,57.84,338,5.75,4.7,,
66,Monterey,1,2000,1,0,9,-8,48.73,338,5.75,4.7,,
67,Napa,1,2000,1,0,9,-8,56.73,338,5.75,4.7,,
68,Nevada,1,2000,1,0,9,-8,67.68,338,5.75,4.7,,
69,Orange,1,2000,1,0,9,-8,54.77,338,5.75,4.7,,
70,Placer,1,2000,1,0,9,-8,67.7,338,5.75,4.7,,
71,Plumas,1,2000,1,0,9,-8,68.64,338,5.75,4.7,,
72,Riverside,1,2000,1,0,9,-8,45.18,338,5.75,4.7,,
73,Sacramento,1,2000,1,0,9,-8,51.67,338,5.75,4.7,,
74,San Benito,1,2000,1,0,9,-8,54.71,338,5.75,4.7,,
75,San Bernardino,1,2000,1,0,9,-8,42.67,338,5.75,4.7,,
76,San Diego,1,2000,1,0,9,-8,49.54,338,5.75,4.7,,
77,San Francisco,1,2000,1,0,9,-8,60.78,338,5.75,4.7,,
78,San Joaquin,1,2000,1,0,9,-8,48.9,338,5.75,4.7,,
79,San Luis Obispo,1,2000,1,0,9,-8,61.42,338,5.75,4.7,,
80,San Mateo,1,2000,1,0,9,-8,53.5,338,5.75,4.7,,
81,Santa Barbara,1,2000,1,0,9,-8,55.68,338,5.75,4.7,,
82,Santa Clara,1,2000,1,0,9,-8,50,338,5.75,4.7,,
83,Santa Cruz,1,2000,1,0,9,-8,63.15,338,5.75,4.7,,
84,Shasta,1,2000,1,0,9,-8,55.38,338,5.75,4.7,,
85,Sierra,1,2000,1,0,9,-8,78.56,338,5.75,4.7,,
86,Siskiyou,1,2000,1,0,9,-8,62.48,338,5.75,4.7,,
87,Solano,1,2000,1,0,9,-8,50.06,338,5.75,4.7,,
88,Sonoma,1,2000,1,0,9,-8,60.72,338,5.75,4.7,,
89,Stanislaus,1,2000,1,0,9,-8,45.8,338,5.75,4.7,,
90,Sutter,1,2000,1,0,9,-8,55.53,338,5.75,4.7,,
91,Tehama,1,2000,1,0,9,-8,53.28,338,5.75,4.7,,
92,Trinity,1,2000,1,0,9,-8,60.2,338,5.75,4.7,,
93,Tulare,1,2000,1,0,9,-8,42.42,338,5.75,4.7,,
94,Tuolumne,1,2000,1,0,9,-8,70.98,338,5.75,4.7,,
95,Ventura,1,2000,1,0,9,-8,58.04,338,5.75,4.7,,
96,Yolo,1,2000,1,0,9,-8,54.75,338,5.75,4.7,,
97,Yuba,1,2000,1,0,9,-8,40.81,338,5.75,4.7,,